id,name,description,groupID,difficulty,groupName,monsterNum,staminaCost,dailyLimit,coinAward,expAward,stance1,levelMonster,expAwardBoss,coinAwardBoss,battleBefore,battleing,battleAfter,mapId,judge,icon,openTower,monsterId,xianming,linkId,monsterIcon,chapterLevel,commonAward,clearanceAwardString,rareAwardString,spAwardString,
50001,1-1|终南山下,银月告诉你，靠自己的力量爬到终南山顶是试炼的第一步。,1,1,1章|安阳,1,1,1,6,15,11276,friend010,864,500,,,1，2，3,1,1,,,0,1,50001,xiuxian_enemy005_b,1,122001,7:49718:3|7:49780:3|7:49064:1,7:49718:1|7:49780:1|7:49629:1,7:49718:1,
50002,1-2|山中之妖,你登山的脚步惊扰到了山中的妖精，他们纷纷前来阻拦你。,1,1,2章|巨鹿,2,1,1,6,17,11280,friend008,950,505,,,330，331，332，333，334，335，336，337，338，339,2,1,,,0,1,50002,xiuxian_enemy006_b,2,122001,7:49719:3|7:49780:3|7:49064:1,7:49719:1|7:49780:1|7:49630:1,7:49719:1,
50003,1-3|奇异之人,一个修仙者模样的人挡在你的面前，拒绝放你过去。,1,1,2章|巨鹿,2,1,1,6,18,11281,friend009,1037,510,400，401，402,,,3,2,magic009_b,215，388|425，388,0,1,50003,xiuxian_enemy007_b,3,122001,7:49720:3|7:49780:3|7:49064:1,7:49720:1|7:49780:1|7:49631:1,7:49720:1,
50004,1-4|前世因果,修仙者告诉你他的名字是萧凡，他坚持要阻止你上山。,1,1,2章|巨鹿,2,1,1,6,20,11282,friend059,1123,515,,4，5，6,,2,1,,,0,1,50004,xiuxian_enemy004_b,4,122001,7:49721:3|7:49780:3|7:49064:1,7:49721:1|7:49780:1|7:49632:1,7:49721:1,
50005,1-5|后会有期,萧凡好像收到了什么消息，虚招一晃，化作一道金光离开了。,1,1,3章|洛阳,3,1,1,6,21,11286,friend005,1210,520,7，8,,,3,1,,,0,1,50005,xiuxian_enemy019_b,5,122001,14:14010101:1|7:49034:10|7:49064:3,7:49034:1|7:49780:1|7:49629:1,7:49034:1,
50006,2-1|终南大仙,你打败了金蛟化身，顺利通过了终南大仙的试炼。,2,1,3章|洛阳,3,1,1,6,23,11287,friend006,1296,525,,,,3,1,,,0,1,50006,xiuxian_enemy001_b,1,122001,7:49718:3|7:49780:3|7:49064:1,7:49718:1|7:49780:1|7:49630:1,7:49718:1,
50007,2-2|五灵试炼,终南大仙将金蛟一片鳞片赠送于你，并告知你，如果想靠自己修炼，需寻一处僻静之地作为洞府。,2,1,3章|洛阳,3,1,1,6,24,11288,friend011,1382,530,11，12，13,,14，15，16，17，18,3,1,,,0,1,50007,xiuxian_enemy002_b,2,122001,7:49719:3|7:49780:3|7:49064:1,7:49719:1|7:49780:1|7:49631:1,7:49719:1,
50008,2-3|寻找洞府,你带上银月，开始寻找适合修炼之地。,2,1,3章|洛阳,3,1,1,6,26,11289,friend007,1469,535,403，404，405,,406，407，408,3,1,,,0,1,50008,xiuxian_enemy008_b,3,122001,7:49720:3|7:49780:3|7:49064:1,7:49720:1|7:49780:1|7:49632:1,7:49720:1,
50009,2-4|水月洞天,在中州的一处偏僻深山中，你发现一处世外桃源。桃源中，有一奇异瀑布。,2,1,3章|洛阳,3,1,1,6,27,11290,friend016,1555,540,20，21，22,,23，24，25，26，27,5,3,friend144_b,244，382|440，682|440，382|223，682,230000,1,50009,xiuxian_enemy009_b,4,122001,7:49721:3|7:49780:3|7:49064:1,7:49721:1|7:49780:1|7:49629:1,7:49721:1,
50010,2-5|神兽旋龟,你施展分水术，发现瀑布后果然别有洞天，于是打算入内一观。,2,1,4章|界桥,4,1,1,6,29,11292,friend055,1642,545,28，29，340，30,31，32，33,,4,1,,,0,1,50010,xiuxian_enemy017_b,5,122001,14:14020101:1|7:49034:20|7:49064:3,7:49034:1|7:49780:1|7:49630:1,7:49034:1,
50011,3-1|修炼秘诀,你得到了旋龟的认可，成为这座洞府的主人。旋龟在留下一张石板便遁入山中。现在，你可以好好休息一下了。,3,1,4章|界桥,4,1,1,6,30,11293,friend056,1728,550,,,,4,1,,,0,1,50011,xiuxian_enemy003_b,1,122001,7:49718:3|7:49780:3|7:49064:1,7:49718:1|7:49780:1|7:49631:1,7:49718:1,
50012,3-2|五行灵兽,天色微亮，银月已经迫不及待地叫你起床了。,3,1,4章|界桥,4,1,1,9,32,11294,friend057,1814,556,,34，35,,4,1,,,0,1,50012,xiuxian_enemy010_b,2,122001,7:49719:3|7:49780:3|7:49064:1,7:49719:1|7:49780:1|7:49632:1,7:49719:1,
50013,3-3|即刻启程,银月告诉你，应该立刻出发，寻找五灵神兽，通过试炼，以应未来天劫。,3,1,4章|界桥,4,1,1,9,33,11295,friend058,1901,562,,,,4,1,,,0,1,50013,xiuxian_enemy011_b,3,122001,7:49720:3|7:49780:3|7:49064:1,7:49720:1|7:49780:1|7:49629:1,7:49720:1,
50014,3-4|星宿之海,根据银月的指示，离你最近的灵兽应该居住在星宿海，很快就能到达。,3,1,4章|界桥,4,1,1,9,35,11296,friend083,1987,568,409，410，411，412,,36，37，38,4,1,,,0,1,50014,xiuxian_enemy012_b,4,122001,7:49721:3|7:49780:3|7:49064:1,7:49721:1|7:49780:1|7:49630:1,7:49721:1,
50015,3-5|远古鲲兽,守卫星宿海的灵兽是一只巨大的鲲，他从水中浮现响应你的召唤。,3,1,5章|北海,5,1,1,9,36,11302,friend034,2074,574,,,39，40,5,1,,,0,1,50015,xiuxian_enemy020_b,5,122001,14:14030101:1|7:49034:30|7:49064:3,7:49034:1|7:49780:1|7:49631:1,7:49034:1,
50016,4-1|火焰山,通过鲲兽的试炼，下一个目的地是火焰山。,4,1,5章|北海,5,1,11,9,38,11303,friend035,2160,580,,,,5,1,,,0,1,50016,xiuxian_enemy013_b,0,,7:49718:3|7:49780:3|7:49064:1,7:49718:1|7:49780:1|7:49632:1,7:49718:1,
50017,4-2|铁扇公主,前往火焰山深处最大的阻碍，就是沿途无尽的三昧真火，你需要问铁扇公主借芭蕉扇。,4,1,5章|北海,5,1,11,9,39,11304,friend053,2246,586,41，42，43，44，45,,46，47，48，49，50，51，52,1,2,friend140_b,271，721|429，408|429，608,0,1,50017,xiuxian_enemy014_b,0,,7:49719:3|7:49780:3|7:49064:1,7:49719:1|7:49780:1|7:49629:1,7:49719:1,
50018,4-3|一借芭蕉扇,铁扇公主是有名的不好说话，她要求你能接住她的一扇。,4,1,5章|北海,5,1,11,9,41,11305,friend054,2333,592,53，54，55，56，57，58，59，60,61,62，63，416,5,1,,,0,1,50018,xiuxian_enemy015_b,0,,7:49720:3|7:49780:3|7:49064:1,7:49720:1|7:49780:1|7:49630:1,7:49720:1,
50019,4-4|再借芭蕉扇,被扇出百里之远，你花了好一会儿又再次来到芭蕉洞外，铁扇公主这次很痛快便答应借扇子给你。,4,1,5章|北海,5,1,11,9,42,11307,friend043,2419,598,64，65,,66，67，68，69,5,1,,,0,1,50019,xiuxian_enemy016_b,0,,7:49721:3|7:49780:3|7:49064:1,7:49721:1|7:49780:1|7:49631:1,7:49721:1,
50020,4-5|鵸鵌,铁扇公主用芭蕉扇扇走火焰山外面的火，你现在要抓紧时间。,4,1,6章|徐州,6,1,11,9,44,11310,friend003,2506,604,,,,6,1,,,0,2,50020,xiuxian_enemy021_b,0,,14:14040101:1|7:49034:40|7:49064:3,7:49034:1|7:49780:1|7:49632:1,7:49034:1,
50021,5-1|前往长留山,三头神鸟鵸鵌赠送了一支他的羽毛给你，你现在要赶在火焰重燃离开此地前往长留山。,5,1,6章|徐州,6,1,11,9,45,11311,friend004,2592,610,,,,6,1,,,0,2,50021,xiuxian_enemy005_b,0,,7:49718:6|7:49780:6|7:49064:1,7:49718:1|7:49780:1|7:49629:1,7:49718:1,
50022,5-2|拦路妖魔,一路上，你总能遇到一些妖魔的袭击，似乎，预示着什么。,5,1,6章|徐州,6,1,11,9,59,11312,friend061,3370,616,,,,6,1,,,0,2,50022,xiuxian_enemy006_b,0,,7:49719:6|7:49780:6|7:49064:1,7:49719:1|7:49780:1|7:49630:1,7:49719:1,
50023,5-3|萧凡再现,不出意外，萧凡也出现了，但这次他却是出手帮你解围。,5,1,6章|徐州,6,1,11,9,60,11313,friend021,3431,622,,,,6,1,,,0,2,50023,xiuxian_enemy007_b,0,,7:49720:6|7:49780:6|7:49064:1,7:49720:1|7:49780:1|7:49631:1,7:49720:1,
50024,5-4|放下狠话,萧凡临走之时，放下几句狠话，要你不要太早死掉，笑着离开了。,5,1,6章|徐州,6,1,11,12,61,11314,friend022,3492,628,70，71,,,6,1,,,0,2,50024,xiuxian_enemy004_b,0,,7:49721:6|7:49780:6|7:49064:1,7:49721:1|7:49780:1|7:49632:1,7:49721:1,
50025,5-5|穷奇,长留山上，穷奇似乎已经预知了你的到来。,5,1,7章|徐州,7,1,11,12,62,11319,friend069,3553,634,,,,7,1,,,0,2,50025,xiuxian_enemy018_b,0,,14:14010202:1|7:49034:50|7:49064:3,7:49034:1|7:49780:1|7:49629:1,7:49034:1,
50026,6-1|五灵集齐,获得了穷奇之角，你已经集齐了五灵的宝物，这些对你未来的修行都大有助益。,6,1,7章|徐州,7,1,11,12,63,11320,friend101,3614,640,417，418,,,4,2,friend189_b,283，639|325，811|266，486|215，268,0,2,50026,xiuxian_enemy005_b,0,,7:49718:6|7:49780:6|7:49064:1,7:49718:1|7:49780:1|7:49630:1,7:49718:1,
50027,6-2|满载而归,成功收集五灵的你正在返回洞府，却被一群小妖挡住去路。,6,1,7章|徐州,7,1,11,12,64,11321,friend031,3675,646,,,72，73，74，75，76，77，78,7,1,,,0,2,50027,xiuxian_enemy006_b,0,,7:49719:6|7:49780:6|7:49064:1,7:49719:1|7:49780:1|7:49631:1,7:49719:1,
50028,6-3|莫名请柬,他们说是奉了灵蛇大仙之命来请你赴宴，你当然不可能在这个时候被打扰。,6,1,7章|徐州,7,1,11,12,65,11322,friend030,3736,652,79，80，81,,82，83,7,1,,,0,2,50028,xiuxian_enemy007_b,0,,7:49720:6|7:49780:6|7:49064:1,7:49720:1|7:49780:1|7:49632:1,7:49720:1,
50029,6-4|杀出重围,来的妖道数量有点多，你无法完全招架，只能伺机突围。,6,1,7章|徐州,7,1,11,12,66,11323,friend029,3797,659,84，85，87，88,,89，90,7,1,,,0,2,50029,xiuxian_enemy004_b,0,,7:49721:6|7:49780:6|7:49064:1,7:49721:1|7:49780:1|7:49629:1,7:49721:1,
50030,6-5|甩开追兵,确定没有妖道追上来之后，你准备使用土遁回到自己的洞府。,6,1,8章|下邳,8,1,11,12,67,11326,friend078,3858,666,,,,8,1,,,0,2,50030,xiuxian_enemy019_b,0,,14:14020202:1|7:49034:60|7:49064:3,7:49034:1|7:49780:1|7:49630:1,7:49034:1,
50031,7-1|道友留步,你的身后传来一阵打斗的声音，你觉得事情有点不妙。,7,1,8章|下邳,8,1,21,12,68,11327,friend079,3918,673,,91,,8,1,,,0,2,50031,xiuxian_enemy001_b,0,,7:49718:6|7:49780:6|7:49064:1,7:49718:1|7:49780:1|7:49631:1,7:49718:1,
50032,7-2|魔教中人,原来是一群魔教中人在追杀两个正道弟子，那两个年轻弟子眼看不支。,7,1,8章|下邳,8,1,21,12,69,11328,friend067,3979,680,,,,8,1,,,0,2,50032,xiuxian_enemy002_b,0,,7:49719:6|7:49780:6|7:49064:1,7:49719:1|7:49780:1|7:49632:1,7:49719:1,
50033,7-3|强悍魔将,这群魔兵不过尔尔，不过领头的魔将实力不俗，斗法数十回合，你有点力不从心了。,7,1,8章|下邳,8,1,21,12,70,11329,friend068,4040,687,,,92，93，94,8,1,,,0,2,50033,xiuxian_enemy008_b,0,,7:49720:6|7:49780:6|7:49064:1,7:49720:1|7:49780:1|7:49629:1,7:49720:1,
50034,7-4|萧凡相助,之前阻拦过你的萧凡也加入战场，但这次他却帮你击退了魔将。,7,1,8章|下邳,8,1,21,12,71,11330,friend096,4101,694,95，96，97,,98，99，100，101，102,8,1,,,0,2,50034,xiuxian_enemy009_b,0,,7:49721:6|7:49780:6|7:49064:1,7:49721:1|7:49780:1|7:49630:1,7:49721:1,
50035,7-5|点到为止,赶走了魔将之后，萧凡提出要和你切磋一下，点到即止。,7,1,9章|白马,9,1,21,12,72,11333,friend036,4162,701,103，104，105，106,,,9,1,,,0,2,50035,xiuxian_enemy017_b,0,,14:14030102:1|7:49034:70|7:49064:3,7:49034:1|7:49780:1|7:49631:1,7:49034:1,
50036,8-1|突破瓶颈,最近的战斗让你的修炼有些停滞，你想要突破自身的瓶颈还得静心修炼。,8,1,9章|白马,9,1,21,15,73,11334,friend037,4223,708,419，420,,108,6,2,friend125_b,187，494|439，665|144，265|450，388|162，814|452，912,0,2,50036,xiuxian_enemy003_b,0,,7:49718:6|7:49780:6|7:49064:1,7:49718:1|7:49780:1|7:49632:1,7:49718:1,
50037,8-2|新的历险,你感觉到自己的修为提升了很大的境界，身体也摆脱凡尘中的五谷轮回。,8,1,9章|白马,9,1,21,15,74,11335,friend139,4284,715,,,,9,1,,,0,2,50037,xiuxian_enemy010_b,0,,7:49719:6|7:49780:6|7:49064:1,7:49719:1|7:49780:1|7:49629:1,7:49719:1,
50038,8-3|千里传音,你正在沉浸在学习五星遁术，不知不觉已行了很远，突然银月千里传音给你。,8,1,9章|白马,9,1,21,15,75,11336,friend141,4345,722,,109,,9,1,,,0,2,50038,xiuxian_enemy011_b,0,,7:49720:6|7:49780:6|7:49064:1,7:49720:1|7:49780:1|7:49630:1,7:49720:1,
50039,8-4|银月有难,灵蛇大仙的手下发现了你的洞府，想要闯进去。,8,1,9章|白马,9,1,21,15,77,11337,friend081,4406,729,111,,,9,1,,,0,2,50039,xiuxian_enemy012_b,0,,7:49721:6|7:49780:6|7:49064:1,7:49721:1|7:49780:1|7:49631:1,7:49721:1,
50040,8-5|现学现用,你现在已经能很好驾驭土遁之术，很快便回到洞府附近。,8,1,10章|官渡,10,1,21,15,81,11340,friend084,4666,736,113,,,10,1,,,0,2,50040,xiuxian_enemy020_b,0,,14:14040202:1|7:49034:80|7:49064:3,7:49034:1|7:49780:1|7:49632:1,7:49034:1,
50041,9-1|及时赶回,有几个妖道已经进入了你的洞府之内，正在饮酒作乐。,9,1,10章|官渡,10,1,21,15,86,11341,friend085,4925,743,,,114，115,10,1,,,0,2,50041,xiuxian_enemy013_b,0,,7:49718:6|7:49780:6|7:49064:1,7:49718:1|7:49780:1|7:49629:1,7:49718:1,
50042,9-2|人质在手,不知怎么回事，银月被他们领头的人抓住了，被绑在一边，,9,1,10章|官渡,10,1,21,15,90,11342,friend086,5184,750,,,,10,1,,,0,2,50042,xiuxian_enemy014_b,0,,7:49719:6|7:49780:6|7:49064:1,7:49719:1|7:49780:1|7:49630:1,7:49719:1,
50043,9-3|投鼠忌器,你不敢强硬出头，要是他们伤着银月，那就不好了。,9,1,10章|官渡,10,1,21,15,95,11343,friend142,5443,758,,116,,10,1,,,0,2,50043,xiuxian_enemy015_b,0,,7:49720:6|7:49780:6|7:49064:1,7:49720:1|7:49780:1|7:49631:1,7:49720:1,
50044,9-4|瞌睡虫,你趁着那群妖道喝得正酣，幻化出数个瞌睡虫，吹到他们的鼻中。,9,1,10章|官渡,10,1,21,15,99,11344,friend127,5702,766,117，118，119，120,,,10,1,,,0,3,50044,xiuxian_enemy016_b,0,,7:49721:6|7:49780:6|7:49064:1,7:49721:1|7:49780:1|7:49632:1,7:49721:1,
50045,9-5|魔教护法,领头的妖道法力高强，瞌睡虫对他不起作用，不过你已经趁机救出了银月。,9,1,11章|荆州,11,1,21,15,104,11347,friend023,5962,774,121，122，421，422,,,10,2,friend088_b,238，620|400，620|218，873|426，873|238，449|400，449|238，267|400，267,0,3,50045,xiuxian_enemy021_b,0,,14:14010302:1|7:49034:90|7:49064:3,7:49034:1|7:49780:1|7:49629:1,7:49721:1,
50046,10-1|留下活口,上天有好生之德，你答应这群妖道，只要他们说出背后指使之人便放了他们。,10,1,11章|荆州,11,1,21,15,108,11348,friend024,6221,782,,123,,11,1,,,0,3,50046,xiuxian_enemy005_b,0,,7:49718:6|7:49780:6|7:49064:1,7:49718:1|7:49780:1|7:49630:1,7:49721:1,
50047,10-2|洞中有宝,原来这群妖道发现你的洞府附近灵气冲天，即将有宝贝现世。,10,1,11章|荆州,11,1,21,15,113,11349,friend025,6480,790,,,,11,1,,,0,3,50047,xiuxian_enemy006_b,0,,7:49719:6|7:49780:6|7:49064:1,7:49719:1|7:49780:1|7:49631:1,7:49719:1,
50048,10-3|宝物现世,你放走了那群妖道，并警告他们以后不准再作恶。,10,1,11章|荆州,11,1,21,18,117,11350,friend026,6739,798,423，124,,,11,1,,,0,3,50048,xiuxian_enemy007_b,0,,7:49720:6|7:49780:6|7:49064:1,7:49720:1|7:49780:1|7:49632:1,7:49720:1,
50049,10-4|防护结界,你也感应到附近有强大的灵力波动，便循着蛛丝马迹，果然有所发现。,10,1,11章|荆州,11,1,21,18,123,11353,friend060,7085,806,125，126,127，128,,11,1,,,0,3,50049,xiuxian_enemy004_b,0,,7:49721:6|7:49780:6|7:49064:1,7:49721:1|7:49780:1|7:49629:1,7:49721:1,
50050,10-5|出师不利,结界内充斥着迷阵幻象，以你的修为还没办法到达阵眼。,10,1,12章|卧龙岗,12,1,21,18,129,11356,friend008,7430,814,129，130,,,12,1,,,0,3,50050,xiuxian_enemy018_b,0,,14:14020302:1|7:49034:100|7:49064:3,7:49034:1|7:49780:1|7:49630:1,7:49034:1,
50051,11-1|天降奇人,正当你被邪瘴之气缠身之时，一个年轻的道者御剑乘风从天而降。,11,1,12章|卧龙岗,12,1,21,18,135,11357,friend009,7776,822,,,,12,1,,,0,3,50051,xiuxian_enemy005_b,0,,7:49722:3|7:49781:3|7:49064:1,7:49722:1|7:49781:1|7:49631:1,7:49722:1,
50052,11-2|天造地化,道者略施法术，帮你破解了阵中的幻术，剩下的就要靠你自己了。,11,1,12章|卧龙岗,12,1,21,18,141,11358,friend010,8122,830,132，133，134,,,12,1,,,0,3,50052,xiuxian_enemy006_b,0,,7:49723:3|7:49781:3|7:49064:1,7:49723:1|7:49781:1|7:49632:1,7:49723:1,
50053,11-3|混元宝珠,阵眼中有一颗散发强大而特殊气息的珠子，看来确实是个宝贝。,11,1,12章|卧龙岗,12,1,21,18,147,11359,friend032,8467,838,136,,137，138，139,12,1,,,0,3,50053,xiuxian_enemy007_b,0,,7:49724:3|7:49781:3|7:49064:1,7:49724:1|7:49781:1|7:49629:1,7:49724:1,
50054,11-4|蜀山弟子,来人是蜀山派第二十三代弟子，名叫怀素。他叮嘱你一定要保管好这颗宝珠。,11,1,12章|卧龙岗,12,1,21,18,153,11360,friend112,8813,846,,,,12,1,,,0,3,50054,xiuxian_enemy004_b,0,,7:49725:3|7:49781:3|7:49064:1,7:49725:1|7:49781:1|7:49630:1,7:49725:1,
50055,11-5|指点迷津,你想把宝珠赠予怀素，但他说此珠与你有缘，必须由你亲自保管。,11,1,13章|江东,13,1,21,18,159,11363,friend168,9158,854,140，141，142，143,,,13,1,,,0,3,50055,xiuxian_enemy019_b,0,,14:14030302:1|7:49034:110|7:49064:3,7:49034:1|7:49781:1|7:49631:1,7:49034:1,
50056,12-1|望月古堡,怀素告诉你望月堡堡主丹阳真人对世间希宝了解颇深，指点你前去咨询。,12,1,13章|江东,13,1,21,18,165,11364,friend169,9504,863,144，145,,149,13,1,,,0,3,50056,xiuxian_enemy001_b,0,,7:49722:3|7:49781:3|7:49064:1,7:49722:1|7:49781:1|7:49632:1,7:49721:1,
50057,12-2|妖道拦路,在前往望月古堡的路上，有个奇怪的妖道，扬言要你交出银月。,12,1,13章|江东,13,1,21,18,171,11365,friend170,9850,872,150，151，152，153，154,,,13,1,,,0,3,50057,xiuxian_enemy002_b,0,,7:49723:3|7:49781:3|7:49064:1,7:49723:1|7:49781:1|7:49629:1,7:49721:1,
50058,12-3|丹阳真人,终于到达望月堡外，堡主丹阳真人亲自接见了你，并告诉你此珠关乎未来修真界之命运。,12,1,13章|江东,13,1,21,18,177,11366,friend171,10195,881,,155,,13,1,,,0,3,50058,xiuxian_enemy008_b,0,,7:49724:3|7:49781:3|7:49064:1,7:49724:1|7:49781:1|7:49630:1,7:49721:1,
50059,12-4|金光奇遇,未等堡主讲完，外面传来一阵霞光和猛兽的吼叫之声，你跟随堡主一起察看。,12,1,13章|江东,13,1,21,18,189,11369,friend172,10886,890,156,,159,13,1,,,0,3,50059,xiuxian_enemy009_b,0,,7:49725:3|7:49781:3|7:49064:1,7:49725:1|7:49781:1|7:49631:1,7:49725:1,
50060,12-5|古堡神兽,银月仿佛和霞光产生了共鸣，不顾你的召唤，飞向了深山之中。,12,1,14章|赤壁,14,1,21,21,201,11372,friend192,11578,899,,,162，164,14,1,,,0,3,50060,xiuxian_enemy017_b,0,,14:14040302:1|7:49034:120|7:49064:3,7:49034:1|7:49781:1|7:49632:1,7:49034:1,
50061,13-1|询问根源,丹阳真人告诉你，望月堡外的一处深山，居住着一只上古神兽，但已沉睡数百年。,13,1,14章|赤壁,14,1,31,21,213,11373,friend183,12269,908,,165，166,,14,1,,,0,3,50061,xiuxian_enemy003_b,0,,7:49722:3|7:49781:3|7:49064:1,7:49722:1|7:49781:1|7:49629:1,7:49722:1,
50062,13-2|只身上路,望月堡古训，门人不得出堡，你只能孤身一人，踏上找回银月之路。,13,1,14章|赤壁,14,1,31,21,278,11374,friend198,15984,917,,,,14,1,,,0,3,50062,xiuxian_enemy010_b,0,,7:49723:3|7:49781:3|7:49064:1,7:49723:1|7:49781:1|7:49630:1,7:49723:1,
50063,13-3|追寻脚步,堡主古道热肠，画了神兽洞穴的路观图给你，你沿着图中所示，踏入了堡外的群山之中。,13,1,14章|赤壁,14,1,31,21,284,11375,friend197,16373,926,,,,14,1,,,0,3,50063,xiuxian_enemy011_b,0,,7:49724:3|7:49781:3|7:49064:1,7:49724:1|7:49781:1|7:49631:1,7:49724:1,
50064,13-4|遁术难施,山中似有结界，遁术无法施展，只得步行赶路。,13,1,14章|赤壁,14,1,31,21,291,11376,friend193,16762,935,169,170，171,173,14,1,,,0,3,50064,xiuxian_enemy012_b,0,,7:49725:3|7:49781:3|7:49064:1,7:49725:1|7:49781:1|7:49632:1,7:49725:1,
50065,13-5|野兽凶猛,山中野兽凶猛，常人难以抵御，怪不得先人指示堡中之人不得出堡。,13,1,15章|华容道,15,1,31,21,298,11379,friend113,17150,944,295，296，297,,,15,1,,,0,3,50065,xiuxian_enemy020_b,0,,14:14010403:1|7:49034:130|7:49064:3,7:49034:1|7:49781:1|7:49629:1,7:49034:1,
50066,14-1|怪异蠃鱼,野兽虽然凶猛，对你来说并无威胁。但一种长翅膀的怪鱼挡住了你的去路。,14,1,15章|华容道,15,1,31,21,305,11380,friend114,17539,953,,,,15,1,,,0,3,50066,xiuxian_enemy013_b,0,,7:49722:3|7:49781:3|7:49064:1,7:49722:1|7:49781:1|7:49630:1,7:49722:1,
50067,14-2|安营生火,夜幕降临，你在山中生火休息，暗中似乎有许多眼睛在盯着你。,14,1,15章|华容道,15,1,31,21,311,11381,friend115,17928,963,,,,15,1,,,0,3,50067,xiuxian_enemy014_b,0,,7:49723:3|7:49781:3|7:49064:1,7:49723:1|7:49781:1|7:49631:1,7:49723:1,
50068,14-3|无名烈焰,一夜无事，清晨继续赶，很快便到了路洞口被一团火焰所堵住，异常炽热，难以进入。,14,1,15章|华容道,15,1,31,21,318,11382,friend070,18317,973,,,,15,1,,,0,4,50068,xiuxian_enemy015_b,0,,7:49724:3|7:49781:3|7:49064:1,7:49724:1|7:49781:1|7:49632:1,7:49724:1,
50069,14-4|解开阵法,你花费了好大的功夫，解开了洞外的阵法，终于可以进去查看了。,14,1,15章|华容道,15,1,31,21,325,11385,friend093,18706,983,298，299，300，301，302,,303，304，305,15,1,,,0,4,50069,xiuxian_enemy016_b,0,,7:49725:3|7:49781:3|7:49064:1,7:49725:1|7:49781:1|7:49629:1,7:49725:1,
50070,14-5|红色妖兽,一只巨大的红色妖兽挡住了你的去路，你急切想要救出银月，不得不开战。,14,1,16章|荆州,16,1,31,21,332,11388,friend147,19094,993,,,,16,1,,,0,4,50070,xiuxian_enemy021_b,0,,14:14020403:1|7:49034:140|7:49064:3,7:49034:1|7:49781:1|7:49630:1,7:49034:1,
50071,15-1|止战之殇,银月跳了出来，让你不要伤害那只妖兽。,15,1,16章|荆州,16,1,31,21,338,11389,friend102,19483,1003,,,,16,1,,,0,4,50071,xiuxian_enemy005_b,0,,7:49722:6|7:49781:6|7:49064:1,7:49722:1|7:49781:1|7:49631:1,7:49721:1,
50072,15-2|貔貅一族,妖兽名叫辟邪，属貔貅一族，和银月都是麒麟后裔，由于银月的到来产生共鸣而苏醒。,15,1,16章|荆州,16,1,31,24,345,11390,friend103,19872,1013,,,,16,1,,,0,4,50072,xiuxian_enemy006_b,0,,7:49723:6|7:49781:6|7:49064:1,7:49723:1|7:49781:1|7:49632:1,7:49721:1,
50073,15-3|沉睡百年,辟邪在数百年前受了重伤不得不沉睡于此，现在苏醒后又元气大伤，身体不支躺在地上。,15,1,16章|荆州,16,1,31,24,357,11391,friend122,20563,1023,,,,16,1,,,0,4,50073,xiuxian_enemy007_b,0,,7:49724:6|7:49781:6|7:49064:1,7:49724:1|7:49781:1|7:49629:1,7:49721:1,
50074,15-4|伤体难愈,想要治好辟邪的伤，需前往长白山寻找红霜参。,15,1,16章|荆州,16,1,31,24,369,11392,friend088,21254,1033,306,,,16,1,,,0,4,50074,xiuxian_enemy004_b,0,,7:49725:6|7:49781:6|7:49064:1,7:49725:1|7:49781:1|7:49630:1,7:49725:1,
50075,15-5|长白山门,银月必须留下照看辟邪，你只能只身前往长白山，但守山大神不放你进入山门。,15,1,17章|葭萌关,17,1,31,24,381,11396,friend046,21946,1043,,,309，310,17,1,,,0,4,50075,xiuxian_enemy018_b,0,,14:14030403:1|7:49034:150|7:49064:3,7:49034:1|7:49781:1|7:49631:1,7:49034:1,
50076,16-1|守山大神,守山大神不放你过去是为了你的安全，不久前长白山中有一邪魔占据此山，连守山大神也不是他的对手。,16,1,17章|葭萌关,17,1,31,24,393,11397,friend047,22637,1053,,,,17,1,,,0,4,50076,xiuxian_enemy005_b,0,,7:49722:6|7:49781:6|7:49064:1,7:49722:1|7:49781:1|7:49632:1,7:49722:1,
50077,16-2|实力认可,守山大神认可你的实力，放你进山，但还是叮嘱你小心，不要邪魔硬拼。,16,1,17章|葭萌关,17,1,31,24,405,11398,friend048,23328,1064,,,,17,1,,,0,4,50077,xiuxian_enemy006_b,0,,7:49723:6|7:49781:6|7:49064:1,7:49723:1|7:49781:1|7:49629:1,7:49723:1,
50078,16-3|仙气充盈,长白山中，仙气缭绕，野兽猛禽在此，吸食山间精华，比普通兽类强壮许多。,16,1,17章|葭萌关,17,1,31,24,417,11399,friend049,24019,1075,,,,17,1,,,0,4,50078,xiuxian_enemy007_b,0,,7:49724:6|7:49781:6|7:49064:1,7:49724:1|7:49781:1|7:49630:1,7:49724:1,
50079,16-4|熊罴巨兽,一只巨大熊罴拦住你的去路，双眼通红，想是许久未尝荤腥了。,16,1,17章|葭萌关,17,1,31,24,429,11400,friend050,24710,1086,,,,17,1,,,0,4,50079,xiuxian_enemy004_b,0,,7:49725:6|7:49781:6|7:49064:1,7:49725:1|7:49781:1|7:49631:1,7:49725:1,
50080,16-5|黑熊成精,打倒了熊罴，继续赶路，却遇一黑熊精拦路，竟能口出人语，想必是那熊罴之主。,16,1,17章|葭萌关,17,1,31,24,441,11403,friend050,25402,1097,,311,,17,1,,,0,4,50080,xiuxian_enemy019_b,0,,14:14040403:1|7:49034:160|7:49064:3,7:49034:1|7:49781:1|7:49632:1,7:49034:1,
50081,17-1|熊精拜服,黑熊精拜服于你的实力之下，表示自己会管教小弟，不再伤人害命。,17,1,18章|成都,18,1,31,24,453,11406,friend051,26093,1108,,,,18,1,,,0,4,50081,xiuxian_enemy001_b,0,,7:49722:6|7:49781:6|7:49064:1,7:49722:1|7:49781:1|7:49629:1,7:49722:1,
50082,17-2|山顶天池,那黑熊精告诉你邪魔似乎在白云峰天池之中，欲上山峰，需靠飞天之术。,17,1,18章|成都,18,1,31,24,465,11407,friend052,26784,1119,,,,18,1,,,0,4,50082,xiuxian_enemy002_b,0,,7:49723:6|7:49781:6|7:49064:1,7:49723:1|7:49781:1|7:49630:1,7:49723:1,
50083,17-3|御剑乘风,你之前未曾精修御剑之术，只能缓缓飞行。,17,1,18章|成都,18,1,31,24,477,11408,friend090,27475,1130,,,,18,1,,,0,4,50083,xiuxian_enemy008_b,0,,7:49724:6|7:49781:6|7:49064:1,7:49724:1|7:49781:1|7:49631:1,7:49724:1,
50084,17-4|致命双雕,山顶飞来两只大雕，扑你而来，想必是天池那的手下。,17,1,18章|成都,18,1,31,27,489,11409,friend117,28166,1141,,,,18,1,,,0,4,50084,xiuxian_enemy009_b,0,,7:49725:6|7:49781:6|7:49064:1,7:49725:1|7:49781:1|7:49632:1,7:49725:1,
50085,17-5|长白主峰,还好那两只大雕不甚厉害，你有惊无险到达主峰。,17,1,18章|成都,18,1,31,27,501,11410,friend116,28858,1152,,,,18,1,,,0,4,50085,xiuxian_enemy017_b,0,,14:14010503:1|7:49034:170|7:49064:3,7:49034:1|7:49781:1|7:49629:1,7:49034:1,
50086,18-1|奇怪小娃,天池之外，一群妖兵正在围攻一个穿着肚兜的小孩。,18,1,18章|成都,18,1,31,27,513,11411,friend116,29549,1164,,,,18,1,,,0,4,50086,xiuxian_enemy003_b,0,,7:49722:6|7:49781:6|7:49064:1,7:49722:1|7:49781:1|7:49630:1,7:49721:1,
50087,18-2|出手相助,帮肚兜小孩解决了妖兵，他赶忙向你道谢，并告诉你个中缘由。,18,1,18章|成都,18,1,31,27,525,11412,friend116,30240,1176,,,312，313，314，315，316，317,18,1,,,0,4,50087,xiuxian_enemy010_b,0,,7:49723:6|7:49781:6|7:49064:1,7:49723:1|7:49781:1|7:49631:1,7:49721:1,
50088,18-3|人参精灵,小孩名叫参娃，乃长白山下人参王国太子，奉命看守镇国之宝。,18,1,19章|汉中,19,1,31,27,537,11415,friend017,30931,1188,,,,19,1,,,0,4,50088,xiuxian_enemy011_b,0,,7:49724:6|7:49781:6|7:49064:1,7:49724:1|7:49781:1|7:49632:1,7:49721:1,
50089,18-4|前因后果,那邪魔是一条恶龙，趁王国庆典之时偷走宝物，参娃指责所在，要追回宝物。,18,1,19章|汉中,19,1,31,27,675,11416,friend018,38880,1200,,,,19,1,,,0,4,50089,xiuxian_enemy012_b,0,,7:49725:6|7:49781:6|7:49064:1,7:49725:1|7:49781:1|7:49629:1,7:49725:1,
50090,18-5|修灵养气,那恶龙被参娃伤的不轻，现在应该在天池之中，借助宝物和天池灵气修养。,18,1,19章|汉中,19,1,31,27,690,11417,friend019,39744,1212,,,,19,1,,,0,4,50090,xiuxian_enemy020_b,0,,14:14020503:1|7:49034:180|7:49064:3,7:49034:1|7:49781:1|7:49630:1,7:49034:1,
50091,19-1|藏于水中,参娃不善水战，你水遁也不是很娴熟，但除恶务尽方是正道。,19,1,19章|汉中,19,1,41,27,705,11418,friend089,40608,1224,,,,19,1,,,0,4,50091,xiuxian_enemy013_b,0,,7:49726:3|7:49782:3|7:49064:1,7:49726:1|7:49782:1|7:49631:1,7:49726:1,
50092,19-2|勇者无惧,哪怕前方是龙潭虎穴，亦当勇往直前。,19,1,19章|汉中,19,1,41,27,915,11421,friend106,52704,1236,318,,,19,1,,,0,5,50092,xiuxian_enemy014_b,0,,7:49727:3|7:49782:3|7:49064:1,7:49727:1|7:49782:1|7:49632:1,7:49727:1,
50093,19-3|水中陷阱,天池深处，恶龙布下了诸多陷阱，前方危机重重。,19,1,20章|益州,20,1,41,27,923,11424,friend044,53181,1248,324，325，326，327，328,,,20,1,,,0,5,50093,xiuxian_enemy015_b,0,,7:49728:3|7:49782:3|7:49064:1,7:49728:1|7:49782:1|7:49629:1,7:49728:1,
50094,19-4|虾兵蟹将,水中也有一些虾兵蟹将，阻挡英雄前行之路。,19,1,20章|益州,20,1,41,27,932,11425,friend092,53657,1260,,,,20,1,,,0,5,50094,xiuxian_enemy016_b,0,,7:49729:3|7:49782:3|7:49064:1,7:49729:1|7:49782:1|7:49630:1,7:49729:1,
50095,19-5|天池恶龙,恶龙伤体已愈，又得到宝物加持，以逸待劳，想将两人一网打尽。,19,1,20章|益州,20,1,41,27,940,11430,friend091,54134,1273,,,,20,1,,,0,5,50095,xiuxian_enemy021_b,0,,14:14030503:1|7:49034:190|7:49064:3,7:49034:1|7:49782:1|7:49631:1,7:49034:1,
50096,20-1|恶龙伏法,在参娃的帮助下，恶龙终于伏法，你便向参娃打听红霜参的消息。,20,1,20章|益州,20,1,41,30,948,11427,friend106,54611,1286,,,,20,1,,,0,5,50096,xiuxian_enemy005_b,0,,7:49726:3|7:49782:3|7:49064:1,7:49726:1|7:49782:1|7:49632:1,7:49726:1,
50097,20-2|人参王国,红霜参乃人参王国特产，只需跟参娃前往人参王国走一趟便可。,20,1,20章|益州,20,1,41,30,956,11428,friend176,55087,1299,,329，174,,20,1,,,0,5,50097,xiuxian_enemy006_b,0,,7:49727:3|7:49782:3|7:49064:1,7:49727:1|7:49782:1|7:49629:1,7:49727:1,
50098,20-3|救人救火,和参娃一同回去，讨要了红霜参后，急于赶回救治辟邪，道谢后便匆忙赶回。,20,1,20章|益州,20,1,41,30,965,11431,friend174,55564,1312,,,,20,1,,,0,5,50098,xiuxian_enemy007_b,0,,7:49728:3|7:49782:3|7:49064:1,7:49728:1|7:49782:1|7:49630:1,7:49728:1,
50099,20-4|千钧一发,你赶回之时，辟邪已经奄奄一息，若再晚一步可能就要魂归西天了。,20,1,20章|益州,20,1,41,30,973,11432,friend173,56041,1325,,,175，176，177，178，179,20,1,,,0,5,50099,xiuxian_enemy004_b,0,,7:49729:3|7:49782:3|7:49064:1,7:49729:1|7:49782:1|7:49631:1,7:49729:1,
50100,20-5|转危为安,辟邪性命已无大碍，只要多加休息，早晚会复原。,20,1,21章|荆州,20,1,41,30,981,11435,friend089,56518,1338,,,,21,1,,,0,5,50100,xiuxian_enemy018_b,0,,14:14040503:1|7:49034:200|7:49064:3,7:49034:1|7:49782:1|7:49632:1,7:49034:1,
50101,21-1|同族之谊,辟邪身体逐渐恢复，他与银月有许多话要说，你也不方便在旁。,21,1,21章|荆州,20,1,41,30,989,11436,friend127,56994,1351,,,,21,1,,,0,5,50101,xiuxian_enemy005_b,0,,7:49726:3|7:49782:3|7:49064:1,7:49726:1|7:49782:1|7:49629:1,7:49726:1,
50102,21-2|再次沉睡,过了数日，银月从洞穴之中出来，言明辟邪再次沉睡，你为其在洞口布置了一个防护阵法，带着银月离开。,21,1,21章|荆州,20,1,41,30,998,11437,friend155,57471,1365,,,,21,1,,,0,5,50102,xiuxian_enemy006_b,0,,7:49727:3|7:49782:3|7:49064:1,7:49727:1|7:49782:1|7:49630:1,7:49727:1,
50103,21-3|游历磨炼,银月告诉你，未来修真界可能会有一场大的危机，你需要游历四方，磨炼自己，以应未来天劫。看来辟邪教了他不少东西。,21,1,21章|荆州,20,1,41,30,1006,11438,friend157,57948,1379,,,,21,1,,,0,5,50103,xiuxian_enemy007_b,0,,7:49728:3|7:49782:3|7:49064:1,7:49728:1|7:49782:1|7:49631:1,7:49728:1,
50104,21-4|有备无患,银月言之有理，不过需先返回洞府，准备妥当。,21,1,21章|荆州,20,1,41,30,1014,11439,friend094,58424,1393,,,,21,1,,,0,5,50104,xiuxian_enemy004_b,0,,7:49729:3|7:49782:3|7:49064:1,7:49729:1|7:49782:1|7:49632:1,7:49729:1,
50105,21-5|拔刀相助,返回路上，你遇见一群蜀山派弟子在围攻一男一女，路见不平当拔刀相助。,21,1,21章|荆州,20,1,41,30,1023,11440,friend093,58901,1407,,,,21,1,,,0,5,50105,xiuxian_enemy019_b,0,,14:14010603:1|7:49034:210|7:49064:3,7:49034:1|7:49782:1|7:49629:1,7:49034:1,
50106,22-1|人妖之恋,为首一人乃蜀山大弟子，扬言叛徒天奇私通妖女，背叛蜀山派，要捉拿回门派受审。,22,1,21章|荆州,20,1,41,30,1031,11441,friend122,59378,1421,,,181，182，183，184，185,21,1,,,0,5,50106,xiuxian_enemy001_b,0,,7:49726:3|7:49782:3|7:49064:1,7:49726:1|7:49782:1|7:49630:1,7:49726:1,
50107,22-2|缘分天定,上天有好生之德，人妖虽然殊途，但缘分自有天定，妄加干涉亦违反人伦。,22,1,22章|西陵峡,20,1,41,30,1039,11444,friend150,59854,1435,,,,22,1,,,0,5,50107,xiuxian_enemy002_b,0,,7:49727:3|7:49782:3|7:49064:1,7:49727:1|7:49782:1|7:49631:1,7:49727:1,
50108,22-3|种因得果,你放走了天奇夫妻，并言明日后若有因果，自会上蜀山了结。,22,1,22章|西陵峡,20,1,41,33,1047,11445,friend092,60331,1449,,,,22,1,,,0,5,50108,xiuxian_enemy008_b,0,,7:49728:3|7:49782:3|7:49064:1,7:49728:1|7:49782:1|7:49632:1,7:49728:1,
50109,22-4|收拾妥当,你回到洞府，收拾妥当，和银月踏上了历练修行之路。,22,1,22章|西陵峡,20,1,41,33,1056,11446,friend175,60808,1463,,,,22,1,,,0,5,50109,xiuxian_enemy009_b,0,,7:49729:3|7:49782:3|7:49064:1,7:49729:1|7:49782:1|7:49629:1,7:49729:1,
50110,22-5|九龙岛,西海之滨的九龙岛曾是截教练气士所居之处，银月建议你先去那边看看。,22,1,22章|西陵峡,20,1,41,33,1064,11447,friend006,61284,1478,,,,22,1,,,0,5,50110,xiuxian_enemy017_b,0,,14:14020603:1|7:49034:220|7:49064:3,7:49034:1|7:49782:1|7:49630:1,7:49034:1,
50111,23-1|旅途顺畅,西海距离洞府也不是很远，路途上也没有邪魔外道拦路。,23,1,22章|西陵峡,20,1,51,33,1072,11448,friend128,61761,1493,,,,22,1,,,0,5,50111,xiuxian_enemy003_b,0,,7:49726:6|7:49782:6|7:49064:1,7:49726:1|7:49782:1|7:49631:1,7:49721:1,
50112,23-2|沿途寻找,九龙岛的具体方位你不甚清楚，只得御剑飞行慢慢寻找。,23,1,23章|西陵峡,20,1,51,33,1081,11449,friend128,62238,1508,,,,22,1,,,0,5,50112,xiuxian_enemy010_b,0,,7:49727:6|7:49782:6|7:49064:1,7:49727:1|7:49782:1|7:49632:1,7:49721:1,
50113,23-3|蠃鱼游海,海上风浪颇大，亦有蠃鱼或飞或游，好不壮观。,23,1,23章|夷陵,20,1,51,33,1089,11452,friend012,62714,1523,,,,23,1,,,0,5,50113,xiuxian_enemy011_b,0,,7:49728:6|7:49782:6|7:49064:1,7:49728:1|7:49782:1|7:49629:1,7:49721:1,
50114,23-4|海上福地,异花奇草般般秀，桧柏青松色色新。只有仙家来往处，那许凡人到此间。,23,1,23章|夷陵,20,1,51,33,1097,11453,friend011,63191,1538,,,,23,1,,,0,5,50114,xiuxian_enemy012_b,0,,7:49729:6|7:49782:6|7:49064:1,7:49729:1|7:49782:1|7:49630:1,7:49729:1,
50115,23-5|渺无人烟,岛上风景秀丽，却无半点人烟，是在令人扼腕。,23,1,23章|夷陵,20,1,51,33,1105,11454,friend077,63668,1553,188，189,,,23,1,,,0,5,50115,xiuxian_enemy020_b,0,,14:14030603:1|7:49034:230|7:49064:3,7:49034:1|7:49782:1|7:49631:1,7:49034:1,
50116,24-1|岛上异兽,突然，一只异兽出现在你的眼前，似乎不让你继续前行！,24,1,23章|夷陵,20,1,51,33,1114,11455,friend011,64145,1569,,,,23,1,,,0,6,50116,xiuxian_enemy013_b,0,,7:49726:6|7:49782:6|7:49064:1,7:49726:1|7:49782:1|7:49632:1,7:49726:1,
50117,24-2|龙子狴犴,看这虎头龙身的样子，警告就是传说中的狴犴。,24,1,23章|夷陵,20,1,51,33,1122,11456,friend012,64621,1585,,,,23,1,,,0,6,50117,xiuxian_enemy014_b,0,,7:49727:6|7:49782:6|7:49064:1,7:49727:1|7:49782:1|7:49629:1,7:49727:1,
50118,24-3|狴犴称臣,狴犴认可了你的力量，化作了人形，俯首称臣。,24,1,23章|夷陵,20,1,51,33,1130,11460,friend012,65098,1601,,190,,23,1,,,0,6,50118,xiuxian_enemy015_b,0,,7:49728:6|7:49782:6|7:49064:1,7:49728:1|7:49782:1|7:49630:1,7:49728:1,
50119,24-4|四圣地宫,狴犴带你找到了掩藏了千年之久的四圣地宫之外，昔年四圣共修之地。,24,1,24章|江东,20,1,51,33,1138,11463,friend016,65575,1617,,,,24,1,,,0,6,50119,xiuxian_enemy016_b,0,,7:49729:6|7:49782:6|7:49064:1,7:49729:1|7:49782:1|7:49631:1,7:49729:1,
50120,24-5|封神往事,昔年封神大战，王魔为文殊广法天尊所杀，入了封神榜，狴犴便带着开天珠回到了九龙岛。,24,1,24章|江东,20,1,51,36,1147,11464,friend015,66051,1633,,,,24,1,,,0,6,50120,xiuxian_enemy021_b,0,,14:14040603:1|7:49034:240|7:49064:3,7:49034:1|7:49782:1|7:49632:1,7:49034:1,
50121,25-1|王魔遗物,开天珠就在四圣地宫神龛之中，不过千百年来，狴犴一直在宫外守护，不曾进入，内中状况其亦不明。,25,1,24章|江东,20,1,51,36,1155,11465,friend014,66528,1649,,,,24,1,,,0,6,50121,xiuxian_enemy005_b,0,,7:49726:6|7:49782:6|7:49064:1,7:49726:1|7:49782:1|7:49629:1,7:49726:1,
50122,25-2|蛇鼠成精,九龙岛本是仙家宝地，天造地化，地宫之中蛇鼠亦能修炼成妖。,25,1,24章|江东,20,1,51,36,1500,11466,friend013,86400,1665,,,,24,1,,,0,6,50122,xiuxian_enemy006_b,0,,7:49727:6|7:49782:6|7:49064:1,7:49727:1|7:49782:1|7:49630:1,7:49727:1,
50123,25-3|阻止靠近,这些蛇妖鼠怪，道行不深，却凶残狡诈，他们知晓开天珠乃宝物，故不欲他人靠近。,25,1,24章|江东,20,1,51,36,1512,11467,friend087,87070,1682,,,,24,1,,,0,6,50123,xiuxian_enemy007_b,0,,7:49728:6|7:49782:6|7:49064:1,7:49728:1|7:49782:1|7:49631:1,7:49728:1,
50124,25-4|贪图宝物,蛇妖鼠怪虽然贪图开天珠，却不曾想伤人命，你也只给他们一个教训。,25,1,24章|江东,20,1,51,36,1523,11468,friend128,87740,1699,,,,24,1,,,0,6,50124,xiuxian_enemy004_b,0,,7:49729:6|7:49782:6|7:49064:1,7:49729:1|7:49782:1|7:49632:1,7:49729:1,
50125,25-5|开天珠,你从地宫神龛之中取走开天珠，命狴犴继续镇守此地，便带银月离开九龙岛。,25,1,24章|江东,20,1,51,36,1535,11470,friend011,88410,1716,192,,,24,1,,,0,6,50125,xiuxian_enemy018_b,0,,14:14010703:1|7:49034:250|7:49064:3,7:49034:1|7:49782:1|7:49629:1,7:49034:1,
50126,26-1|异兽建言,临行之前，狴犴叮嘱你千万要小心阐教门人。,26,1,25章|南蛮,20,1,51,36,1547,11473,friend012,89079,1733,196,,,25,1,,,0,6,50126,xiuxian_enemy005_b,0,,7:49726:6|7:49782:6|7:49064:1,7:49726:1|7:49782:1|7:49630:1,7:49726:1,
50127,26-2|道友停步,返回西海之滨，你看到一名仙门弟子正在被一群魔教弟子追杀。,26,1,25章|南蛮,20,1,51,36,1558,11474,friend016,89749,1750,,,,25,1,,,0,6,50127,xiuxian_enemy006_b,0,,7:49727:6|7:49782:6|7:49064:1,7:49727:1|7:49782:1|7:49631:1,7:49727:1,
50128,26-3|青云遇袭,打跑了魔教弟子，那名弟子告诉你他是青云门弟子处端，前两天魔教趁其门主闭关，大肆进攻青云门。,26,1,25章|南蛮,20,1,51,36,1570,11475,friend015,90419,1768,,,,25,1,,,0,6,50128,xiuxian_enemy007_b,0,,7:49728:6|7:49782:6|7:49064:1,7:49728:1|7:49782:1|7:49632:1,7:49728:1,
50129,26-4|求助寻援,门中长老弟子不敌，所以派出数名心腹弟子，向周边门派求援。,26,1,25章|南蛮,20,1,51,36,1581,11476,friend014,91089,1786,,,,25,1,,,0,6,50129,xiuxian_enemy004_b,0,,7:49729:6|7:49782:6|7:49064:1,7:49729:1|7:49782:1|7:49629:1,7:49729:1,
50130,26-5|护送道友,你虽然喂他服用金疮，但他伤势一时难以愈合，你觉得护送他前往最近的琼华派求援。,26,1,25章|南蛮,20,1,51,36,1593,11477,friend013,91759,1804,,,,25,1,,,0,6,50130,xiuxian_enemy019_b,0,,14:14020703:1|7:49034:260|7:49064:3,7:49034:1|7:49782:1|7:49630:1,7:49034:1,
50131,27-1|琼华派,琼华派乃西海八派之首，以铸剑秘术为尊，致力妖荡魔。,27,1,25章|南蛮,20,1,61,36,1605,11478,friend077,92429,1822,,,,25,1,,,0,6,50131,xiuxian_enemy001_b,0,,7:49730:3|7:49783:3|7:49064:1,7:49730:1|7:49783:1|7:49631:1,7:49730:1,
50132,27-2|脚程缓慢,琼华派离此地不过数十里，但道友有伤在身，难以施展土遁，只能御剑前往。,27,1,25章|南蛮,20,1,61,39,1616,11479,friend087,93098,1840,,,,25,1,,,0,6,50132,xiuxian_enemy002_b,0,,7:49731:3|7:49783:3|7:49064:1,7:49731:1|7:49783:1|7:49632:1,7:49731:1,
50133,27-3|以德报怨,之前被你打跑的魔教中人死性不改，又纠结人马回来追杀。,27,1,25章|南蛮,20,1,61,39,1628,11482,friend128,93768,1858,,,203，204,25,1,,,0,6,50133,xiuxian_enemy008_b,0,,7:49732:3|7:49783:3|7:49064:1,7:49732:1|7:49783:1|7:49629:1,7:49732:1,
50134,27-4|魔教邪阵,你们已经被魔教弟子组成阵法包围，任你法力精妙，一时也难以破阵。,27,1,26章|祁山,20,1,61,39,1640,11484,friend130,94438,1877,,,,26,1,,,0,6,50134,xiuxian_enemy009_b,0,,7:49733:3|7:49783:3|7:49064:1,7:49733:1|7:49783:1|7:49630:1,7:49733:1,
50135,27-5|从天而降,一飘逸剑者御剑从天而来，直取维持阵眼之人。,27,1,26章|祁山,20,1,61,39,1651,11485,friend131,95108,1896,,,,26,1,,,0,6,50135,xiuxian_enemy017_b,0,,14:14030703:1|7:49034:270|7:49064:3,7:49034:1|7:49783:1|7:49631:1,7:49034:1,
50136,28-1|困兽之斗,阵法被破，魔教弟子困兽犹斗，展开殊死一搏。,28,1,26章|祁山,20,1,61,39,1663,11486,friend132,95778,1915,,,,26,1,,,0,6,50136,xiuxian_enemy003_b,0,,7:49730:3|7:49783:3|7:49064:1,7:49730:1|7:49783:1|7:49632:1,7:49721:1,
50137,28-2|筋疲力尽,你由于被困阵中许久，精力不济昏了过去。,28,1,26章|祁山,20,1,61,39,1674,11488,friend123,96448,1934,,,,26,1,,,0,6,50137,xiuxian_enemy010_b,0,,7:49731:3|7:49783:3|7:49064:1,7:49731:1|7:49783:1|7:49629:1,7:49721:1,
50138,28-3|已到琼华,你醒来之时已在琼华派客房之中，琼华派掌门已派派中长老弟子前去支援青云门。,28,1,26章|祁山,20,1,61,39,1686,11487,friend124,97117,1953,,,,26,1,,,0,6,50138,xiuxian_enemy011_b,0,,7:49732:3|7:49783:3|7:49064:1,7:49732:1|7:49783:1|7:49630:1,7:49721:1,
50139,28-4|天雷劫,你突然一阵心悸，已察觉天劫将至，为避免连累他人，你赶紧出了琼华派，来到一处空旷无人之地。,28,1,26章|祁山,20,1,61,39,1698,11492,friend125,97787,1973,207，208,209,,26,1,,,0,6,50139,xiuxian_enemy012_b,0,,7:49733:3|7:49783:3|7:49064:1,7:49733:1|7:49783:1|7:49631:1,7:49733:1,
50140,28-5|位列仙班,五雷天劫，九死一生，你最终还是挺了过来，飞升成仙。,28,1,27章|长安南,20,1,61,39,1709,11495,friend009,98457,1993,,,,27,1,,,0,7,50140,xiuxian_enemy020_b,0,,14:14040703:1|7:49034:280|7:49064:3,7:49034:1|7:49783:1|7:49632:1,7:49034:1,
50141,29-1|天庭使者,一位神仙从天而降，祝贺你得道升仙。,29,1,27章|长安南,20,1,61,39,1721,11496,friend010,99127,2013,,,,27,1,,,0,7,50141,xiuxian_enemy013_b,0,,7:49730:3|7:49783:3|7:49064:1,7:49730:1|7:49783:1|7:49629:1,7:49730:1,
50142,29-2|听封天官,他询问你是否愿意前往天庭，当一个天官。,29,1,27章|长安南,20,1,61,39,1733,11497,friend043,99797,2033,,,,27,1,,,0,7,50142,xiuxian_enemy014_b,0,,7:49731:3|7:49783:3|7:49064:1,7:49731:1|7:49783:1|7:49630:1,7:49731:1,
50143,29-3|散人逍遥,天宫之中，天规森严，你告诉他你只想当一个逍遥散人。,29,1,27章|长安南,20,1,61,39,1744,11498,friend011,100467,2053,,,,27,1,,,0,7,50143,xiuxian_enemy015_b,0,,7:49732:3|7:49783:3|7:49064:1,7:49732:1|7:49783:1|7:49631:1,7:49732:1,
50144,29-4|有缘再会,神仙告辞之前，言明你与天庭有缘，你们还会再见的。,29,1,27章|长安南,20,1,61,42,1756,11499,friend072,101137,2074,210，211，212，213,,,27,1,,,0,7,50144,xiuxian_enemy016_b,0,,7:49733:3|7:49783:3|7:49064:1,7:49733:1|7:49783:1|7:49632:1,7:49733:1,
50145,29-5|激烈战斗,你返回琼华派，发现派中弟子正在和魔教中人浴血奋战。,29,1,28章|长安,20,1,61,42,1767,11502,friend073,101806,2095,,,,28,1,,,0,7,50145,xiuxian_enemy021_b,0,,14:14010803:1|7:49034:290|7:49064:3,7:49034:1|7:49783:1|7:49629:1,7:49034:1,
50146,30-1|趁火打劫,原来魔教中人趁琼花长老外出，想要趁火打劫。,30,1,28章|长安,20,1,61,42,1779,11506,friend074,102476,2116,,,,28,1,,,0,7,50146,xiuxian_enemy005_b,0,,7:49730:3|7:49783:3|7:49064:1,7:49730:1|7:49783:1|7:49630:1,7:49730:1,
50147,30-2|难以应付,魔教弟子虽然人数不多，但都是个中好手。,30,1,28章|长安,20,1,61,42,1791,11504,friend082,103146,2137,,,,28,1,,,0,7,50147,xiuxian_enemy006_b,0,,7:49731:3|7:49783:3|7:49064:1,7:49731:1|7:49783:1|7:49631:1,7:49731:1,
50148,30-3|易如反掌,虽然对面都是精英，但现在对现在的你来说，都是些蝼蚁罢了。,30,1,28章|长安,20,1,61,42,1802,11505,friend023,103816,2158,,,,28,1,,,0,7,50148,xiuxian_enemy007_b,0,,7:49732:3|7:49783:3|7:49064:1,7:49732:1|7:49783:1|7:49632:1,7:49732:1,
50149,30-4|狂热信仰,魔教弟子被你一一击败，但余下之人对你也全无惧色。,30,1,28章|长安,20,1,61,42,1814,11503,friend024,104486,2180,219,,,28,1,,,0,7,50149,xiuxian_enemy004_b,0,,7:49733:3|7:49783:3|7:49064:1,7:49733:1|7:49783:1|7:49629:1,7:49733:1,
50150,30-5|神秘怪兽,敌方首领祭出一个黑色葫芦，放出了一只怪异的灵兽。,30,1,28章|长安,20,1,61,42,1826,11507,friend023,105156,2202,,,,28,1,,,0,7,50150,xiuxian_enemy018_b,0,,14:14020803:1|7:49034:300|7:49064:3,7:49034:1|7:49783:1|7:49630:1,7:49034:1,
50151,31-1|睚眦必报,这只灵兽和古籍中记载的睚眦很像吧，不知如何落入魔教中人的掌控。,31,1,28章|长安,20,1,71,42,1837,11508,friend024,105825,2224,,,,28,1,,,0,7,50151,xiuxian_enemy005_b,0,,7:49730:6|7:49783:6|7:49064:1,7:49730:1|7:49783:1|7:49631:1,7:49730:1,
50152,31-2|灵兽臣服,灵兽被你打败，心甘情愿成为你的坐骑，眼看最强战力反叛，魔教弟子也失去了反抗的意愿。,31,1,28章|长安,20,1,71,42,1849,11509,friend023,106495,2246,,,,28,1,,,0,7,50152,xiuxian_enemy006_b,0,,7:49731:6|7:49783:6|7:49064:1,7:49731:1|7:49783:1|7:49632:1,7:49731:1,
50153,31-3|解除武装,你将投降的魔教弟子交给琼华派看管，希望他们好好反省，脱离魔教。,31,1,28章|长安,20,1,71,42,1861,11510,friend024,107165,2268,220,,221，222，223，224，225，226，227,28,1,,,0,7,50153,xiuxian_enemy007_b,0,,7:49732:6|7:49783:6|7:49064:1,7:49732:1|7:49783:1|7:49629:1,7:49732:1,
50154,31-4|长老未归,琼华长老们久未归来，你心中疑窦丛生。,31,1,29章|川蜀,20,1,71,42,1872,11514,friend025,107835,2291,228，229，230,,231，232，233,29,1,,,0,7,50154,xiuxian_enemy004_b,0,,7:49733:6|7:49783:6|7:49064:1,7:49733:1|7:49783:1|7:49630:1,7:49733:1,
50155,31-5|掐指一算,你掐指一算，那个来求援的人并非青云门人，你暗道不好，带着麟宝离开琼华。,31,1,29章|川蜀,20,1,71,42,1884,11515,friend026,108505,2314,,,,29,1,,,0,7,50155,xiuxian_enemy019_b,0,,14:14030803:1|7:49034:310|7:49064:3,7:49034:1|7:49783:1|7:49631:1,7:49034:1,
50156,32-1|空谷踪迹,你循着长老们的踪迹，来到一个空荡的山谷之中。,32,1,29章|川蜀,20,1,71,45,1895,11516,friend027,109175,2337,,,,29,1,,,0,7,50156,xiuxian_enemy001_b,0,,7:49730:6|7:49783:6|7:49064:1,7:49730:1|7:49783:1|7:49632:1,7:49730:1,
50157,32-2|神秘阵法,谷中充斥着朱砂和硫磺的气息，似乎有人在此处布置了阵法。,32,1,29章|川蜀,20,1,71,45,1907,11517,friend028,109844,2360,,,,29,1,,,0,7,50157,xiuxian_enemy002_b,0,,7:49731:6|7:49783:6|7:49064:1,7:49731:1|7:49783:1|7:49629:1,7:49731:1,
50158,32-3|土地何在,你叫出本地土地公现身，让他跟你讲一讲此地发生何事。,32,1,29章|川蜀,20,1,71,45,1919,11518,friend008,110514,2384,,,,29,1,,,0,7,50158,xiuxian_enemy008_b,0,,7:49732:6|7:49783:6|7:49064:1,7:49732:1|7:49783:1|7:49630:1,7:49732:1,
50159,32-4|胆小怕事,一方土地，却慑于魔教淫威，什么都不告诉你，转身想要借助土遁离开。,32,1,29章|川蜀,20,1,71,45,1930,11519,friend009,111184,2408,,,,29,1,,,0,7,50159,xiuxian_enemy009_b,0,,7:49733:6|7:49783:6|7:49064:1,7:49733:1|7:49783:1|7:49631:1,7:49733:1,
50160,32-5|抢先一步,你的疑惑未解，可不能让这小老儿跑了。,32,1,29章|川蜀,20,1,71,45,1942,11523,friend010,111854,2432,,,238，239,29,1,,,0,7,50160,xiuxian_enemy017_b,0,,14:14040803:1|7:49034:320|7:49064:3,7:49034:1|7:49783:1|7:49632:1,7:49034:1,
50161,33-1|魔教分坛,土地告诉你此谷向西十里处便是魔教分坛，此前魔教长老在此地设的阵法。,33,1,30章|成都,20,1,71,45,1954,11527,friend023,112524,2456,,,,30,1,,,0,7,50161,xiuxian_enemy003_b,0,,7:49730:6|7:49783:6|7:49064:1,7:49730:1|7:49783:1|7:49629:1,7:49721:1,
50162,33-2|放他一马,土地公虽然胆小怕事，但并未作恶，你也不打算再为难他。,33,1,30章|成都,20,1,71,45,1965,11528,friend024,113194,2481,240，243，244,,245，246,30,1,,,0,7,50162,xiuxian_enemy010_b,0,,7:49731:6|7:49783:6|7:49064:1,7:49731:1|7:49783:1|7:49630:1,7:49721:1,
50163,33-3|事不宜迟,既然已经知道敌人的据点所在，那现在事不宜迟！,33,1,30章|成都,20,1,71,45,1977,11529,friend025,113864,2506,,,,30,1,,,0,7,50163,xiuxian_enemy011_b,0,,7:49732:6|7:49783:6|7:49064:1,7:49732:1|7:49783:1|7:49631:1,7:49721:1,
50164,33-4|魔兽出没,路途之中，有许多魔兽出没，似乎是魔族养来放风的。,33,1,30章|成都,20,1,71,45,1988,11530,friend026,114533,2531,,,,30,1,,,0,8,50164,xiuxian_enemy012_b,0,,7:49733:6|7:49783:6|7:49064:1,7:49733:1|7:49783:1|7:49632:1,7:49733:1,
50165,33-5|深山密洞,深山中的一个隐秘之处，坐落着一座阴森的宫殿。,33,1,30章|成都,20,1,71,45,2000,11531,friend027,115203,2556,,,,30,1,,,0,8,50165,xiuxian_enemy020_b,0,,14:14010903:1|7:49034:330|7:49064:3,7:49034:1|7:49783:1|7:49629:1,7:49034:1,
50166,34-1|迎客而来,宫殿大大门敞开着，似乎有人在等待你的到来。,34,1,30章|成都,20,1,71,45,2012,11532,friend201,115873,2582,,,,30,1,,,0,8,50166,xiuxian_enemy013_b,0,,7:49730:6|7:49783:6|7:49064:1,7:49730:1|7:49783:1|7:49630:1,7:49730:1,
50167,34-2|怪异教徒,你一进殿门，一群着装怪异的人将你围了起来。,34,1,30章|成都,20,1,71,45,2023,11534,friend080,116543,2608,247，248，249，250，251，252,,253，254，255,30,1,,,0,8,50167,xiuxian_enemy014_b,0,,7:49731:6|7:49783:6|7:49064:1,7:49731:1|7:49783:1|7:49631:1,7:49731:1,
50168,34-3|末世圣传,他们纷纷向你跪拜，声称你是他们末世圣传的护法转世。,34,1,30章|成都,20,1,71,48,2035,11535,friend080,117213,2634,,,,30,1,,,0,8,50168,xiuxian_enemy015_b,0,,7:49732:6|7:49783:6|7:49064:1,7:49732:1|7:49783:1|7:49632:1,7:49732:1,
50169,34-4|人多势众,对方人多势众，你不好估计他们的实力，便假装应允。,34,1,31章|中原,20,1,71,48,2047,11542,friend108,117883,2660,257，258，261，263，264,,,31,1,,,0,8,50169,xiuxian_enemy016_b,0,,7:49733:6|7:49783:6|7:49064:1,7:49733:1|7:49783:1|7:49629:1,7:49733:1,
50170,34-5|烈天真宗,一个自称掌教之人来到你的面前，册封你为烈天真宗。,34,1,31章|中原,20,1,71,48,2058,11543,friend109,118552,2687,,,,31,1,,,0,8,50170,xiuxian_enemy021_b,0,,14:14020903:1|7:49034:340|7:49064:3,7:49034:1|7:49783:1|7:49630:1,7:49034:1,
50171,35-1|复兴圣教,掌教告诉你他和教徒们已经等待你一个甲子，你的回归将复兴圣教。,35,1,31章|中原,20,1,81,48,2070,11544,friend033,119222,2714,,,,31,1,,,0,8,50171,xiuxian_enemy005_b,0,,7:49734:3|7:49784:3|7:49064:1,7:49734:1|7:49784:1|7:49631:1,7:49734:1,
50172,35-2|接风洗尘,掌教安排你住在圣殿之中，为你接风洗尘。,35,1,31章|中原,20,1,81,48,2081,11545,friend107,119892,2741,,,,31,1,,,0,8,50172,xiuxian_enemy006_b,0,,7:49735:3|7:49784:3|7:49064:1,7:49735:1|7:49784:1|7:49632:1,7:49735:1,
50173,35-3|惴惴不安,但你总觉得有些惴惴不安。,35,1,31章|中原,20,1,81,48,2093,11546,friend164,120562,2768,,,,31,1,,,0,8,50173,xiuxian_enemy007_b,0,,7:49736:3|7:49784:3|7:49064:1,7:49736:1|7:49784:1|7:49629:1,7:49736:1,
50174,35-4|半夜探查,半夜，你施展隐身术，偷偷查探殿内。,35,1,31章|中原,20,1,81,48,2105,11547,friend164,121232,2796,,,,31,1,,,0,8,50174,xiuxian_enemy004_b,0,,7:49737:3|7:49784:3|7:49064:1,7:49737:1|7:49784:1|7:49630:1,7:49737:1,
50175,35-5|秘密暗门,在一隐蔽处，你发现一道暗门。,35,1,31章|中原,20,1,81,48,2116,11551,friend164,121902,2824,,,265，266，269，270，271,31,1,,,0,8,50175,xiuxian_enemy018_b,0,,14:14030903:1|7:49034:350|7:49064:3,7:49034:1|7:49784:1|7:49631:1,7:49034:1,
50176,36-1|事有蹊跷,看来内中确有蹊跷。,36,1,32章|江东,20,1,81,48,2128,11554,friend165,122572,2852,,,,32,1,,,0,8,50176,xiuxian_enemy005_b,0,,7:49734:3|7:49784:3|7:49064:1,7:49734:1|7:49784:1|7:49632:1,7:49721:1,
50177,36-2|潜入其中,确定四周无人后你施展穿墙术进了密道。,36,1,32章|江东,20,1,81,48,2140,11555,friend148,123241,2881,,,,32,1,,,0,8,50177,xiuxian_enemy006_b,0,,7:49735:3|7:49784:3|7:49064:1,7:49735:1|7:49784:1|7:49629:1,7:49721:1,
50178,36-3|封印阵法,密道尽头有一石室，被某种阵法封印住了。,36,1,32章|江东,20,1,81,48,2151,11556,friend168,123911,2910,,,,32,1,,,0,8,50178,xiuxian_enemy007_b,0,,7:49736:3|7:49784:3|7:49064:1,7:49736:1|7:49784:1|7:49630:1,7:49721:1,
50179,36-4|解开封印,解开封印结界对你而言并不困难。,36,1,32章|江东,20,1,81,48,2163,11557,friend170,124581,2939,,,,32,1,,,0,8,50179,xiuxian_enemy004_b,0,,7:49737:3|7:49784:3|7:49064:1,7:49737:1|7:49784:1|7:49631:1,7:49737:1,
50180,36-5|前任掌教,你费了些功夫解开了阵法，一个霸气外露之人从阵法中走了出来。,36,1,32章|江东,20,1,81,51,2174,11558,friend171,125251,2968,,,,32,1,,,0,8,50180,xiuxian_enemy019_b,0,,14:14040903:1|7:49034:360|7:49064:3,7:49034:1|7:49784:1|7:49632:1,7:49034:1,
50181,37-1|是福是祸,掌教不知何时站在了你的身后，他恭喜你助天君脱身。,37,1,32章|江东,20,1,81,51,2186,11560,friend172,125921,2998,,,,32,1,,,0,8,50181,xiuxian_enemy001_b,0,,7:49734:3|7:49784:3|7:49064:1,7:49734:1|7:49784:1|7:49629:1,7:49734:1,
50182,37-2|告一段落,掌教告诉你在教中天命已了，可以自行游历了。,37,1,33章|河南,20,1,81,51,2198,11563,friend190,126591,3028,,,,33,1,,,0,8,50182,xiuxian_enemy002_b,0,,7:49735:3|7:49784:3|7:49064:1,7:49735:1|7:49784:1|7:49630:1,7:49735:1,
50183,37-3|杀业不可造,这教中虽有古怪，但你并未见到教徒作恶，倒也省的清闲。,37,1,33章|河南,20,1,81,51,2209,11564,friend153,127260,3058,,,,33,1,,,0,8,50183,xiuxian_enemy008_b,0,,7:49736:3|7:49784:3|7:49064:1,7:49736:1|7:49784:1|7:49631:1,7:49736:1,
50184,37-4|回头是岸,教徒愚昧，神怜世人，希望他们早日回头吧。,37,1,33章|河南,20,1,81,51,2221,11565,friend154,127930,3089,,,,33,1,,,0,8,50184,xiuxian_enemy009_b,0,,7:49737:3|7:49784:3|7:49064:1,7:49737:1|7:49784:1|7:49632:1,7:49737:1,
50185,37-5|切磋技艺,临走之际，末世天君热情地想要和你切磋一下术法。,37,1,33章|河南,20,1,81,51,2233,11566,friend152,128600,3120,,,,33,1,,,0,8,50185,xiuxian_enemy017_b,0,,14:14011003:1|7:49034:370|7:49064:3,7:49034:1|7:49784:1|7:49629:1,7:49034:1,
50186,38-1|劝人向善,,38,1,33章|河南,20,1,81,51,2244,11567,friend189,129270,3151,,,,33,1,,,0,8,50186,xiuxian_enemy003_b,0,,7:49734:3|7:49784:3|7:49064:1,7:49734:1|7:49784:1|7:49630:1,7:49734:1,
50187,38-2|折回山谷,,38,1,33章|河南,20,1,81,51,2256,11568,friend152,129940,3183,,,273,33,1,,,0,8,50187,xiuxian_enemy010_b,0,,7:49735:3|7:49784:3|7:49064:1,7:49735:1|7:49784:1|7:49631:1,7:49735:1,
50188,38-3|另有其人,,38,1,34章|川蜀,20,1,81,51,2268,11571,friend188,130610,3215,,,,34,1,,,0,9,50188,xiuxian_enemy011_b,0,,7:49736:3|7:49784:3|7:49064:1,7:49736:1|7:49784:1|7:49632:1,7:49736:1,
50189,38-4|幻象解除,,38,1,34章|川蜀,20,1,81,51,2279,11572,friend038,131279,3247,,,,34,1,,,0,9,50189,xiuxian_enemy012_b,0,,7:49737:3|7:49784:3|7:49064:1,7:49737:1|7:49784:1|7:49629:1,7:49737:1,
50190,38-5|魔教分坛,,38,1,34章|川蜀,20,1,81,51,2291,11573,friend045,131949,3279,,,,34,1,,,0,9,50190,xiuxian_enemy020_b,0,,14:14021003:1|7:49034:380|7:49064:3,7:49034:1|7:49784:1|7:49630:1,7:49034:1,
50191,39-1|魔教弟子,,39,1,34章|川蜀,20,1,91,51,2302,11574,friend131,132619,3312,,,,34,1,,,0,9,50191,xiuxian_enemy013_b,0,,7:49734:6|7:49784:6|7:49064:1,7:49734:1|7:49784:1|7:49631:1,7:49721:1,
50192,39-2|妖术幻境,,39,1,34章|川蜀,20,1,91,54,2314,11575,friend132,133289,3345,,,,34,1,,,0,9,50192,xiuxian_enemy014_b,0,,7:49735:6|7:49784:6|7:49064:1,7:49735:1|7:49784:1|7:49632:1,7:49721:1,
50193,39-3|机关重重,,39,1,34章|川蜀,20,1,91,54,2326,11576,friend132,133959,3378,,,274,34,1,,,0,9,50193,xiuxian_enemy015_b,0,,7:49736:6|7:49784:6|7:49064:1,7:49736:1|7:49784:1|7:49629:1,7:49721:1,
50194,39-4|隐秘祭司,,39,1,35章|长安,20,1,91,54,2337,11579,friend172,134629,3412,,,,35,1,,,0,9,50194,xiuxian_enemy016_b,0,,7:49737:6|7:49784:6|7:49064:1,7:49737:1|7:49784:1|7:49630:1,7:49737:1,
50195,39-5|地下祭坛,,39,1,35章|长安,20,1,91,54,2349,11580,friend171,135299,3446,,,,35,1,,,0,9,50195,xiuxian_enemy021_b,0,,14:14031003:1|7:49034:390|7:49064:3,7:49034:1|7:49784:1|7:49631:1,7:49034:1,
50196,40-1|精英弟子,,40,1,35章|长安,20,1,91,54,2361,11581,friend110,135968,3480,,,,35,1,,,0,9,50196,xiuxian_enemy005_b,0,,7:49734:6|7:49784:6|7:49064:1,7:49734:1|7:49784:1|7:49632:1,7:49734:1,
50197,40-2|血光镜阵,,40,1,35章|长安,20,1,91,54,2372,11582,friend166,136638,3515,,,,35,1,,,0,9,50197,xiuxian_enemy006_b,0,,7:49735:6|7:49784:6|7:49064:1,7:49735:1|7:49784:1|7:49629:1,7:49735:1,
50198,40-3|头晕目眩,,40,1,35章|长安,20,1,91,54,2384,11583,friend076,137308,3550,,,,35,1,,,0,9,50198,xiuxian_enemy007_b,0,,7:49736:6|7:49784:6|7:49064:1,7:49736:1|7:49784:1|7:49630:1,7:49736:1,
50199,40-4|奋力一击,,40,1,35章|长安,20,1,91,54,2395,11584,friend039,137978,3586,,,,35,1,,,0,9,50199,xiuxian_enemy004_b,0,,7:49737:6|7:49784:6|7:49064:1,7:49737:1|7:49784:1|7:49631:1,7:49737:1,
50200,40-5|玄虚幻兽,,40,1,35章|长安,20,1,91,54,2407,11585,friend040,138648,3622,,,277，279，280,35,1,,,0,9,50200,xiuxian_enemy018_b,0,,14:14041003:1|7:49034:400|7:49064:3,7:49034:1|7:49784:1|7:49632:1,7:49034:1,
50201,41-1|祭祀仪式,,41,1,36章|青州,20,1,91,54,2419,11588,friend042,139318,3658,281，285,,,36,1,,,0,9,50201,xiuxian_enemy005_b,0,,7:49734:6|7:49784:6|7:49064:1,7:49734:1|7:49784:1|7:49629:1,7:49734:1,
50202,41-2|釜底抽薪,,41,1,36章|青州,20,1,91,54,2430,11589,friend135,139987,3695,,,,36,1,,,0,9,50202,xiuxian_enemy006_b,0,,7:49735:6|7:49784:6|7:49064:1,7:49735:1|7:49784:1|7:49630:1,7:49735:1,
50203,41-3|魔教香主,,41,1,36章|青州,20,1,91,54,2442,11590,friend100,140657,3732,286，287，288，289,,,36,1,,,0,9,50203,xiuxian_enemy007_b,0,,7:49736:6|7:49784:6|7:49064:1,7:49736:1|7:49784:1|7:49631:1,7:49736:1,
50204,41-4|困仙阵,,41,1,36章|青州,20,1,91,57,2454,11591,friend099,141327,3769,,,,36,1,,,0,9,50204,xiuxian_enemy004_b,0,,7:49737:6|7:49784:6|7:49064:1,7:49737:1|7:49784:1|7:49632:1,7:49737:1,
50205,41-5|宝珠之力,,41,1,36章|青州,20,1,91,57,2465,11592,friend144,141997,3807,,,,36,1,,,0,9,50205,xiuxian_enemy019_b,0,,14:14011104:1|7:49034:410|7:49064:3,7:49034:1|7:49784:1|7:49629:1,7:49034:1,
50206,42-1|五行旗,,42,1,36章|青州,20,1,101,57,2477,11593,friend121,142667,3845,,,,36,1,,,0,9,50206,xiuxian_enemy001_b,0,,7:49734:6|7:49784:6|7:49064:1,7:49734:1|7:49784:1|7:49630:1,7:49734:1,
50207,42-2|化血魔刀,,42,1,36章|青州,20,1,101,57,2488,11594,friend121,143337,3883,,,,36,1,,,0,9,50207,xiuxian_enemy002_b,0,,7:49735:6|7:49784:6|7:49064:1,7:49735:1|7:49784:1|7:49631:1,7:49735:1,
50208,42-3|皇天护佑,,42,1,37章|山西,20,1,101,57,2500,11597,friend178,144006,3922,,,,37,1,,,0,9,50208,xiuxian_enemy008_b,0,,7:49736:6|7:49784:6|7:49064:1,7:49736:1|7:49784:1|7:49632:1,7:49736:1,
50209,42-4|愤怒至极,,42,1,37章|山西,20,1,101,57,2512,11598,friend095,144676,3961,,,,37,1,,,0,9,50209,xiuxian_enemy009_b,0,,7:49737:6|7:49784:6|7:49064:1,7:49737:1|7:49784:1|7:49629:1,7:49737:1,
50210,42-5|救下众人,,42,1,37章|山西,20,1,101,57,2523,11599,friend097,145346,4001,,,,37,1,,,0,9,50210,xiuxian_enemy017_b,0,,14:14021104:1|7:49034:420|7:49064:3,7:49034:1|7:49784:1|7:49630:1,7:49034:1,
50211,43-1|护法魔将,,43,1,37章|山西,20,1,101,57,2535,11600,friend098,146016,4041,,,,37,1,,,0,9,50211,xiuxian_enemy003_b,0,,7:49734:6|7:49784:6|7:49064:1,7:49734:1|7:49784:1|7:49631:1,7:49734:1,
50212,43-2|南海丁隐,,43,1,37章|山西,20,1,101,57,2550,11601,friend186,146880,4081,,,,37,1,,,0,10,50212,xiuxian_enemy010_b,0,,7:49735:6|7:49784:6|7:49064:1,7:49735:1|7:49784:1|7:49632:1,7:49735:1,
50213,43-3|复活仪式,,43,1,37章|山西,20,1,101,57,3315,11602,friend186,190944,4122,,,,37,1,,,0,10,50213,xiuxian_enemy011_b,0,,7:49736:6|7:49784:6|7:49064:1,7:49736:1|7:49784:1|7:49629:1,7:49736:1,
50214,43-4|强行中断,,43,1,37章|山西,20,1,101,57,3328,11603,friend186,191720,4163,,,,37,1,,,0,10,50214,xiuxian_enemy012_b,0,,7:49737:6|7:49784:6|7:49064:1,7:49737:1|7:49784:1|7:49630:1,7:49737:1,
50215,43-5|仪式失败,,43,1,38章|安徽,20,1,101,57,3342,11606,friend133,192495,4205,,,,38,1,,,0,10,50215,xiuxian_enemy020_b,0,,14:14031104:1|7:49034:430|7:49064:3,7:49034:1|7:49784:1|7:49631:1,7:49034:1,
50216,44-1|狗急跳墙,,44,1,38章|安徽,20,1,111,60,3355,11607,friend134,193271,4247,,,,38,1,,,0,10,50216,xiuxian_enemy013_b,0,,7:49734:7|7:49784:7|7:49064:1,7:49734:1|7:49784:1|7:49632:1,7:49721:1,
50217,44-2|除恶务尽,,44,1,38章|安徽,20,1,111,60,3369,11608,friend136,194047,4289,,,,38,1,,,0,10,50217,xiuxian_enemy014_b,0,,7:49735:7|7:49784:7|7:49064:1,7:49735:1|7:49784:1|7:49629:1,7:49721:1,
50218,44-3|祭坛血光,,44,1,38章|安徽,20,1,111,60,3382,11609,friend137,194822,4332,,,,38,1,,,0,10,50218,xiuxian_enemy015_b,0,,7:49736:7|7:49784:7|7:49064:1,7:49736:1|7:49784:1|7:49630:1,7:49721:1,
50219,44-4|道消魔长,,44,1,38章|安徽,20,1,111,60,3396,11610,friend138,195598,4375,,,,38,1,,,0,10,50219,xiuxian_enemy016_b,0,,7:49737:7|7:49784:7|7:49064:1,7:49737:1|7:49784:1|7:49631:1,7:49737:1,
50220,44-5|附体丁隐,,44,1,38章|安徽,20,1,111,60,3409,11611,friend137,196373,4419,,,,38,1,,,0,10,50220,xiuxian_enemy021_b,0,,14:14041104:1|7:49034:440|7:49064:3,7:49034:1|7:49784:1|7:49632:1,7:49034:1,
50221,45-1|压制血神,,45,1,38章|安徽,20,1,111,60,3423,11612,friend138,197149,4463,,,,38,1,,,0,10,50221,xiuxian_enemy005_b,0,,7:49734:7|7:49784:7|7:49064:1,7:49734:1|7:49784:1|7:49629:1,7:49734:1,
50222,45-2|求医问道,,45,1,39章|徐州,20,1,111,60,3436,11615,friend140,197925,4508,,,,39,1,,,0,10,50222,xiuxian_enemy006_b,0,,7:49735:7|7:49784:7|7:49064:1,7:49735:1|7:49784:1|7:49630:1,7:49735:1,
50223,45-3|瑶池仙堡,,45,1,39章|徐州,20,1,111,60,3450,11616,friend184,198700,4553,,,,39,1,,,0,10,50223,xiuxian_enemy007_b,0,,7:49736:7|7:49784:7|7:49064:1,7:49736:1|7:49784:1|7:49631:1,7:49736:1,
50224,45-4|青霞仙子,,45,1,39章|徐州,20,1,111,60,3463,11618,friend126,199476,4599,,,,39,1,,,0,10,50224,xiuxian_enemy004_b,0,,7:49737:7|7:49784:7|7:49064:1,7:49737:1|7:49784:1|7:49632:1,7:49737:1,
50225,45-5|事不宜迟,,45,1,39章|徐州,20,1,111,60,3477,11619,friend156,200252,4645,,,,39,1,,,0,10,50225,xiuxian_enemy018_b,0,,14:14011204:1|7:49034:450|7:49064:3,7:49034:1|7:49784:1|7:49629:1,7:49034:1,
50226,46-1|立马动身,,46,1,39章|徐州,20,1,121,60,3490,11620,friend161,201027,4691,,,,39,1,,,0,10,50226,xiuxian_enemy005_b,0,,7:49734:7|7:49784:7|7:49064:1,7:49734:1|7:49784:1|7:49630:1,7:49734:1,
50227,46-2|仙堡规矩,,46,1,39章|徐州,20,1,121,60,3504,11621,friend163,201803,4738,,,,39,1,,,0,10,50227,xiuxian_enemy006_b,0,,7:49735:7|7:49784:7|7:49064:1,7:49735:1|7:49784:1|7:49631:1,7:49735:1,
50228,46-3|三重试炼,,46,1,39章|徐州,20,1,121,63,3517,11622,friend175,202579,4785,,,,39,1,,,0,10,50228,xiuxian_enemy007_b,0,,7:49736:7|7:49784:7|7:49064:1,7:49736:1|7:49784:1|7:49632:1,7:49736:1,
50229,46-4|寒焰不灭,,46,1,40章|西安,20,1,121,63,3530,11627,friend177,203354,4833,,,,40,1,,,0,10,50229,xiuxian_enemy004_b,0,,7:49737:7|7:49784:7|7:49064:1,7:49737:1|7:49784:1|7:49629:1,7:49737:1,
50230,46-5|赤冰不化,,46,1,40章|西安,20,1,121,63,3544,11628,friend095,204130,4881,,,,40,1,,,0,10,50230,xiuxian_enemy019_b,0,,14:14021204:1|7:49034:460|7:49064:3,7:49034:1|7:49784:1|7:49630:1,7:49034:1,
50231,47-1|灵识不屈,,47,1,40章|西安,20,1,121,63,3557,11629,friend186,204905,4930,,,,40,1,,,0,10,50231,xiuxian_enemy001_b,0,,7:49734:7|7:49784:7|7:49064:1,7:49734:1|7:49784:1|7:49631:1,7:49734:1,
50232,47-2|堡主出关,,47,1,40章|西安,20,1,121,63,3571,11630,friend185,205681,4979,,,,40,1,,,0,10,50232,xiuxian_enemy002_b,0,,7:49735:7|7:49784:7|7:49064:1,7:49735:1|7:49784:1|7:49632:1,7:49735:1,
50233,47-3|答应医治,,47,1,40章|西安,20,1,121,63,3584,11631,friend187,206457,5029,,,,40,1,,,0,10,50233,xiuxian_enemy008_b,0,,7:49736:7|7:49784:7|7:49064:1,7:49736:1|7:49784:1|7:49629:1,7:49736:1,
50234,47-4|愿为护法,,47,1,40章|西安,20,1,121,63,3598,11632,friend151,207232,5079,,,,40,1,,,0,10,50234,xiuxian_enemy009_b,0,,7:49737:7|7:49784:7|7:49064:1,7:49737:1|7:49784:1|7:49630:1,7:49737:1,
50235,47-5|情愫暗生,,47,1,40章|西安,20,1,121,63,3611,11633,friend111,208008,5130,,,,40,1,,,0,10,50235,xiuxian_enemy017_b,0,,14:14031204:1|7:49034:470|7:49064:3,7:49034:1|7:49784:1|7:49631:1,7:49034:1,
50236,48-1|元气大伤,,48,1,41章|漠北,20,1,131,63,3625,11636,friend143,208784,5181,,,,41,1,,,0,11,50236,xiuxian_enemy003_b,0,,7:49734:7|7:49784:7|7:49064:1,7:49734:1|7:49784:1|7:49632:1,7:49734:1,
50237,48-2|堡主心意,,48,1,41章|漠北,20,1,131,63,3638,11637,friend145,209559,5233,,,,41,1,,,0,11,50237,xiuxian_enemy010_b,0,,7:49735:7|7:49784:7|7:49064:1,7:49735:1|7:49784:1|7:49629:1,7:49735:1,
50238,48-3|情缘难了,,48,1,41章|漠北,20,1,131,63,3652,11638,friend146,210335,5285,,,,41,1,,,0,11,50238,xiuxian_enemy011_b,0,,7:49736:7|7:49784:7|7:49064:1,7:49736:1|7:49784:1|7:49630:1,7:49736:1,
50239,48-4|要事在身,,48,1,41章|漠北,20,1,131,63,3665,11639,friend159,211111,5338,,,,41,1,,,0,11,50239,xiuxian_enemy012_b,0,,7:49737:7|7:49784:7|7:49064:1,7:49737:1|7:49784:1|7:49631:1,7:49737:1,
50240,48-5|定不相忘,,48,1,41章|漠北,20,1,131,66,3679,11640,friend167,211886,5391,,,,41,1,,,0,11,50240,xiuxian_enemy020_b,0,,14:14041204:1|7:49034:480|7:49064:3,7:49034:1|7:49784:1|7:49632:1,7:49034:1,
50241,49-1|丁隐相助,,49,1,41章|漠北,20,1,131,66,3692,11641,friend179,212662,5445,,,,41,1,,,0,11,50241,xiuxian_enemy013_b,0,,7:49734:8|7:49784:8|7:49064:1,7:49734:1|7:49784:1|7:49629:1,7:49721:1,
50242,49-2|青云平步,,49,1,41章|漠北,20,1,131,66,3706,11642,friend182,213437,5499,,,,41,1,,,0,11,50242,xiuxian_enemy014_b,0,,7:49735:8|7:49784:8|7:49064:1,7:49735:1|7:49784:1|7:49630:1,7:49721:1,
50243,49-3|及时赶到,,49,1,42章|东瀛,20,1,131,66,3719,11645,friend143,214213,5554,,,,42,1,,,0,11,50243,xiuxian_enemy015_b,0,,7:49736:8|7:49784:8|7:49064:1,7:49736:1|7:49784:1|7:49631:1,7:49721:1,
50244,49-4|扭转战局,,49,1,42章|东瀛,20,1,131,66,3732,11646,friend145,214989,5610,,,,42,1,,,0,11,50244,xiuxian_enemy016_b,0,,7:49737:8|7:49784:8|7:49064:1,7:49737:1|7:49784:1|7:49632:1,7:49737:1,
50245,49-5|反败为胜,,49,1,42章|东瀛,20,1,131,66,3746,11647,friend146,215764,5666,,,,42,1,,,0,11,50245,xiuxian_enemy021_b,0,,14:14011304:1|7:49034:490|7:49064:3,7:49034:1|7:49784:1|7:49629:1,7:49034:1,
50246,50-1|青云重整,,50,1,42章|东瀛,20,1,141,66,3759,11648,friend159,216540,5723,,,,42,1,,,0,11,50246,xiuxian_enemy005_b,0,,7:49734:8|7:49784:8|7:49064:1,7:49734:1|7:49784:1|7:49630:1,7:49734:1,
50247,50-2|长老告诫,,50,1,42章|东瀛,20,1,141,66,3773,11649,friend167,217316,5780,,,,42,1,,,0,11,50247,xiuxian_enemy006_b,0,,7:49735:8|7:49784:8|7:49064:1,7:49735:1|7:49784:1|7:49631:1,7:49735:1,
50248,50-3|七星连珠,,50,1,42章|东瀛,20,1,141,66,3786,11650,friend179,218091,5838,,,,42,1,,,0,11,50248,xiuxian_enemy007_b,0,,7:49736:8|7:49784:8|7:49064:1,7:49736:1|7:49784:1|7:49632:1,7:49736:1,
50249,50-4|仙界大难,,50,1,42章|东瀛,20,1,141,66,3800,11651,friend182,218867,5896,,,,42,1,,,0,11,50249,xiuxian_enemy004_b,0,,7:49737:8|7:49784:8|7:49064:1,7:49737:1|7:49784:1|7:49629:1,7:49737:1,
50250,50-5|天命之子,,50,1,43章|西域,20,1,141,66,3813,11654,friend181,219643,5955,,,,43,1,,,0,11,50250,xiuxian_enemy018_b,0,,14:14021304:1|7:49034:500|7:49064:3,7:49034:1|7:49784:1|7:49630:1,7:49034:1,
50251,51-1|血神来历,,51,1,43章|西域,20,1,141,66,3827,11655,friend021,220418,6015,,,,43,1,,,0,11,50251,xiuxian_enemy005_b,0,,7:49734:8|7:49784:8|7:49064:1,7:49734:1|7:49784:1|7:49631:1,7:49734:1,
50252,51-2|血神经,,51,1,43章|西域,20,1,141,69,3840,11656,friend022,221194,6075,,,,43,1,,,0,11,50252,xiuxian_enemy006_b,0,,7:49735:8|7:49784:8|7:49064:1,7:49735:1|7:49784:1|7:49632:1,7:49735:1,
50253,51-3|妄造杀业,,51,1,43章|西域,20,1,141,69,3854,11657,friend017,221969,6136,,,,43,1,,,0,11,50253,xiuxian_enemy007_b,0,,7:49736:8|7:49784:8|7:49064:1,7:49736:1|7:49784:1|7:49629:1,7:49736:1,
50254,51-4|以血为媒,,51,1,43章|西域,20,1,141,69,3867,11658,friend024,222745,6197,,,,43,1,,,0,11,50254,xiuxian_enemy004_b,0,,7:49737:8|7:49784:8|7:49064:1,7:49737:1|7:49784:1|7:49630:1,7:49737:1,
50255,51-5|誓灭血神,,51,1,43章|西域,20,1,141,69,3881,11659,friend023,223521,6259,,,,43,1,,,0,11,50255,xiuxian_enemy019_b,0,,14:14031304:1|7:49034:510|7:49064:3,7:49034:1|7:49784:1|7:49631:1,7:49034:1,
50256,52-1|宴席终散,,52,1,43章|西域,20,1,151,69,3894,11660,friend045,224296,6322,,,,43,1,,,0,11,50256,xiuxian_enemy001_b,0,,7:49734:8|7:49784:8|7:49064:1,7:49734:1|7:49784:1|7:49632:1,7:49734:1,
50257,52-2|丁隐赠剑,,52,1,44章|中亚,20,1,151,69,3907,11663,friend019,225072,6385,,,,44,1,,,0,11,50257,xiuxian_enemy002_b,0,,7:49735:8|7:49784:8|7:49064:1,7:49735:1|7:49784:1|7:49629:1,7:49735:1,
50258,52-3|义结金兰,,52,1,44章|中亚,20,1,151,69,3921,11664,friend022,225848,6449,,,,44,1,,,0,11,50258,xiuxian_enemy008_b,0,,7:49736:8|7:49784:8|7:49064:1,7:49736:1|7:49784:1|7:49630:1,7:49736:1,
50259,52-4|终须一别,,52,1,44章|中亚,20,1,151,69,3934,11665,friend005,226623,6513,,,,44,1,,,0,11,50259,xiuxian_enemy009_b,0,,7:49737:8|7:49784:8|7:49064:1,7:49737:1|7:49784:1|7:49631:1,7:49737:1,
50260,52-5|魔教总舵,,52,1,44章|中亚,20,1,151,69,3948,11666,friend021,227399,6578,,,,44,1,,,0,12,50260,xiuxian_enemy017_b,0,,14:14041304:1|7:49034:520|7:49064:3,7:49034:1|7:49784:1|7:49632:1,7:49034:1,
50261,53-1|万妖路,,53,1,44章|中亚,20,1,151,69,3961,11667,friend019,228175,6644,,,,44,1,,,0,12,50261,xiuxian_enemy003_b,0,,7:49734:8|7:49784:8|7:49064:1,7:49734:1|7:49784:1|7:49629:1,7:49734:1,
50262,53-2|千魔洞,,53,1,44章|中亚,20,1,151,69,3975,11668,friend023,228950,6710,,,,44,1,,,0,12,50262,xiuxian_enemy010_b,0,,7:49735:8|7:49784:8|7:49064:1,7:49735:1|7:49784:1|7:49630:1,7:49735:1,
50263,53-3|证道不改,,53,1,44章|中亚,20,1,151,69,3988,11669,friend020,229726,6777,,,,44,1,,,0,12,50263,xiuxian_enemy011_b,0,,7:49736:8|7:49784:8|7:49064:1,7:49736:1|7:49784:1|7:49631:1,7:49736:1,
50264,53-4|金刚怒目,,53,1,45章|罗马,20,1,151,72,4002,11672,friend049,230501,6845,,,,45,1,,,0,12,50264,xiuxian_enemy012_b,0,,7:49737:8|7:49784:8|7:49064:1,7:49737:1|7:49784:1|7:49632:1,7:49737:1,
50265,53-5|万妖归途,,53,1,45章|罗马,20,1,151,72,4015,11673,friend017,231277,6913,,,,45,1,,,0,12,50265,xiuxian_enemy020_b,0,,14:14011404:1|7:49034:530|7:49064:3,7:49034:1|7:49784:1|7:49629:1,7:49034:1,
50266,54-1|千魔动荡,,54,1,45章|罗马,20,1,161,72,4029,11674,friend050,232053,6982,,,,45,1,,,0,12,50266,xiuxian_enemy013_b,0,,7:49734:8|7:49784:8|7:49064:1,7:49734:1|7:49784:1|7:49630:1,7:49721:1,
50267,54-2|教徒拦路,,54,1,45章|罗马,20,1,161,72,4042,11675,friend051,232828,7052,,,,45,1,,,0,12,50267,xiuxian_enemy014_b,0,,7:49735:8|7:49784:8|7:49064:1,7:49735:1|7:49784:1|7:49631:1,7:49721:1,
50268,54-3|霹雳手段,,54,1,45章|罗马,20,1,161,72,4056,11676,friend057,233604,7123,,,,45,1,,,0,12,50268,xiuxian_enemy015_b,0,,7:49736:8|7:49784:8|7:49064:1,7:49736:1|7:49784:1|7:49632:1,7:49721:1,
50269,54-4|菩萨心肠,,54,1,45章|罗马,20,1,161,72,4069,11677,friend025,234380,7194,,,,45,1,,,0,12,50269,xiuxian_enemy016_b,0,,7:49737:8|7:49784:8|7:49064:1,7:49737:1|7:49784:1|7:49629:1,7:49737:1,
50270,54-5|魔教邪兽,,54,1,45章|罗马,20,1,161,72,4083,11678,friend023,235155,7266,,,,45,1,,,0,12,50270,xiuxian_enemy021_b,0,,14:14021404:1|7:49034:540|7:49064:3,7:49034:1|7:49784:1|7:49630:1,7:49034:1,
50271,55-1|受伤兔妖,,55,1,46章|欧洲,20,1,161,72,4096,11681,friend020,235931,7339,,,,46,1,,,0,12,50271,xiuxian_enemy005_b,0,,7:49734:8|7:49784:8|7:49064:1,7:49734:1|7:49784:1|7:49631:1,7:49734:1,
50272,55-2|伤及无辜？,,55,1,46章|欧洲,20,1,161,72,4109,11682,friend049,236707,7412,,,,46,1,,,0,12,50272,xiuxian_enemy006_b,0,,7:49735:8|7:49784:8|7:49064:1,7:49735:1|7:49784:1|7:49632:1,7:49735:1,
50273,55-3|输送真气,,55,1,46章|欧洲,20,1,161,72,4123,11683,friend017,237482,7486,,,,46,1,,,0,12,50273,xiuxian_enemy007_b,0,,7:49736:8|7:49784:8|7:49064:1,7:49736:1|7:49784:1|7:49629:1,7:49736:1,
50274,55-4|感激之情,,55,1,46章|欧洲,20,1,161,72,4136,11684,friend050,238258,7561,,,,46,1,,,0,12,50274,xiuxian_enemy004_b,0,,7:49737:8|7:49784:8|7:49064:1,7:49737:1|7:49784:1|7:49630:1,7:49737:1,
50275,55-5|兔妖带路,,55,1,46章|欧洲,20,1,161,72,4150,11685,friend051,239033,7637,,,,46,1,,,0,12,50275,xiuxian_enemy018_b,0,,14:14031404:1|7:49034:550|7:49064:3,7:49034:1|7:49784:1|7:49631:1,7:49034:1,
50276,56-1|不置可否,,56,1,46章|欧洲,20,1,171,75,4163,11686,friend057,239809,7713,,,,46,1,,,0,12,50276,xiuxian_enemy005_b,0,,7:49734:10|7:49784:10|7:49064:1,7:49734:1|7:49784:1|7:49632:1,7:49734:1,
50277,56-2|小心行事,,56,1,46章|欧洲,20,1,171,75,4177,11687,friend025,240585,7790,,,,46,1,,,0,12,50277,xiuxian_enemy006_b,0,,7:49735:10|7:49784:10|7:49064:1,7:49735:1|7:49784:1|7:49629:1,7:49735:1,
50278,56-3|躲避侦查,,56,1,47章|非洲,20,1,171,75,4190,11690,friend020,241360,7868,,,,47,1,,,0,12,50278,xiuxian_enemy007_b,0,,7:49736:10|7:49784:10|7:49064:1,7:49736:1|7:49784:1|7:49630:1,7:49736:1,
50279,56-4|值得信赖,,56,1,47章|非洲,20,1,171,75,4204,11691,friend049,242136,7947,,,,47,1,,,0,12,50279,xiuxian_enemy004_b,0,,7:49737:10|7:49784:10|7:49064:1,7:49737:1|7:49784:1|7:49631:1,7:49737:1,
50280,56-5|不敢再进,,56,1,47章|非洲,20,1,171,75,4217,11692,friend017,242912,8026,,,,47,1,,,0,12,50280,xiuxian_enemy019_b,0,,14:14041404:1|7:49034:560|7:49064:3,7:49034:1|7:49784:1|7:49632:1,7:49034:1,
50281,57-1|已达洞口,,57,1,47章|非洲,20,1,171,75,4231,11693,friend050,243687,8106,,,,47,1,,,0,12,50281,xiuxian_enemy001_b,0,,7:49734:10|7:49784:10|7:49064:1,7:49734:1|7:49784:1|7:49629:1,7:49721:1,
50282,57-2|大功将成,,57,1,47章|非洲,20,1,171,75,4244,11694,friend051,244463,8187,,,,47,1,,,0,12,50282,xiuxian_enemy002_b,0,,7:49735:10|7:49784:10|7:49064:1,7:49735:1|7:49784:1|7:49630:1,7:49721:1,
50283,57-3|不可言退,,57,1,47章|非洲,20,1,171,75,4258,11695,friend057,245239,8269,,,,47,1,,,0,12,50283,xiuxian_enemy008_b,0,,7:49736:10|7:49784:10|7:49064:1,7:49736:1|7:49784:1|7:49631:1,7:49721:1,
50284,57-4|一人一兽,,57,1,47章|非洲,20,1,171,75,4271,11696,friend025,246014,8352,,,,47,1,,,0,13,50284,xiuxian_enemy009_b,0,,7:49737:10|7:49784:10|7:49064:1,7:49737:1|7:49784:1|7:49632:1,7:49737:1,
50285,57-5|行踪暴露,,57,1,48章|北美,20,1,171,75,4285,11699,friend020,246790,8436,,,,48,1,,,0,13,50285,xiuxian_enemy017_b,0,,14:14011504:1|7:49034:570|7:49064:3,7:49034:1|7:49784:1|7:49629:1,7:49034:1,
50286,58-1|浩然正气,,58,1,48章|北美,20,1,181,75,4298,11700,friend049,247565,8520,,,,48,1,,,0,13,50286,xiuxian_enemy003_b,0,,7:49734:10|7:49784:10|7:49064:1,7:49734:1|7:49784:1|7:49630:1,7:49734:1,
50287,58-2|勇者无惧,,58,1,48章|北美,20,1,181,75,4311,11701,friend017,248341,8605,,,,48,1,,,0,13,50287,xiuxian_enemy010_b,0,,7:49735:10|7:49784:10|7:49064:1,7:49735:1|7:49784:1|7:49631:1,7:49735:1,
50288,58-3|敌人众多,,58,1,48章|北美,20,1,181,78,4325,11702,friend050,249117,8691,,,,48,1,,,0,13,50288,xiuxian_enemy011_b,0,,7:49736:10|7:49784:10|7:49064:1,7:49736:1|7:49784:1|7:49632:1,7:49736:1,
50289,58-4|麟宝成长,,58,1,48章|北美,20,1,181,78,4338,11703,friend051,249892,8778,,,,48,1,,,0,13,50289,xiuxian_enemy012_b,0,,7:49737:10|7:49784:10|7:49064:1,7:49737:1|7:49784:1|7:49629:1,7:49737:1,
50290,58-5|妖邪退散,,58,1,48章|北美,20,1,181,78,4352,11704,friend057,250668,8866,,,,48,1,,,0,13,50290,xiuxian_enemy020_b,0,,14:14021504:1|7:49034:580|7:49064:3,7:49034:1|7:49784:1|7:49630:1,7:49034:1,
50291,59-1|魔教长老,,59,1,48章|北美,20,1,181,78,4365,11705,friend025,251444,8955,,,,48,1,,,0,13,50291,xiuxian_enemy013_b,0,,7:49734:10|7:49784:10|7:49064:1,7:49734:1|7:49784:1|7:49631:1,7:49734:1,
50292,59-2|陷入苦战,,59,1,49章|南美,20,1,181,78,4379,11708,friend020,252219,9045,,,,49,1,,,0,13,50292,xiuxian_enemy014_b,0,,7:49735:10|7:49784:10|7:49064:1,7:49735:1|7:49784:1|7:49632:1,7:49735:1,
50293,59-3|人群骚动,,59,1,49章|南美,20,1,181,78,4392,11709,friend049,252995,9135,,,,49,1,,,0,13,50293,xiuxian_enemy015_b,0,,7:49736:10|7:49784:10|7:49064:1,7:49736:1|7:49784:1|7:49629:1,7:49736:1,
50294,59-4|地动山摇,,59,1,49章|南美,20,1,181,78,4406,11710,friend017,253771,9226,,,,49,1,,,0,13,50294,xiuxian_enemy016_b,0,,7:49737:10|7:49784:10|7:49064:1,7:49737:1|7:49784:1|7:49630:1,7:49737:1,
50295,59-5|入神仪式,,59,1,49章|南美,20,1,181,78,4419,11711,friend050,254546,9318,,,,49,1,,,0,13,50295,xiuxian_enemy021_b,0,,14:14031504:1|7:49034:590|7:49064:3,7:49034:1|7:49784:1|7:49631:1,7:49034:1,
50296,60-1|压迫逼近,,60,1,48章|北美,20,1,191,78,4433,11705,friend025,255322,9411,,,,48,1,,,0,13,50296,xiuxian_enemy005_b,0,,7:49734:10|7:49784:10|7:49064:1,7:49734:1|7:49784:1|7:49632:1,7:49721:1,
50297,60-2|天魔血池,,60,1,49章|南美,20,1,191,78,4446,11708,friend020,256097,9505,,,,49,1,,,0,13,50297,xiuxian_enemy006_b,0,,7:49735:10|7:49784:10|7:49064:1,7:49735:1|7:49784:1|7:49629:1,7:49721:1,
50298,60-3|炼成肉身,,60,1,49章|南美,20,1,191,78,4460,11709,friend049,256873,9600,,,,49,1,,,0,13,50298,xiuxian_enemy007_b,0,,7:49736:10|7:49784:10|7:49064:1,7:49736:1|7:49784:1|7:49630:1,7:49721:1,
50299,60-4|血神霸临,,60,1,49章|南美,20,1,191,78,4473,11710,friend017,257649,9696,,,,49,1,,,0,13,50299,xiuxian_enemy004_b,0,,7:49737:10|7:49784:10|7:49064:1,7:49737:1|7:49784:1|7:49631:1,7:49737:1,
50300,60-5|魔战天下,,60,1,49章|南美,20,1,191,81,4500,11711,friend050,259200,9793,,,,49,1,,,0,13,50300,xiuxian_enemy018_b,0,,14:14041504:1|7:49034:600|7:49064:3,7:49034:1|7:49784:1|7:49632:1,7:49034:1,