id,level,step,name,fullName,successCostCultivation,type,prob,roundId,baseAttr,failCostCultivationPercent,successRewardId,failRewardId,failRateAdd,costItemId,attack,hp,defence,magic,attackPercent,hpPercent,defencePercent,magicPercent,critical,criticalDamage,resistCritical,accurate,miss,hurtIncrease,hurtDecrease,mixAttack,goldAttack,treeAttack,waterAttack,fireAttack,soilAttack,goldDefence,treeDefence,waterDefence,fireDefence,soilDefence,cultivationQuality,linShiQuality,xianMingQuality,magicBaseInjure,successLevelId,failLevelId,practiceExp,rightPracticeExp,mistakePracticeExp,xiuwei,
1,1,1,练气,练气一阶,2250,1,0,0,100,3000,125039，125063，125293,125753，125983,500,163101,342,1812,252,342,0,0,0,0,0,0,0,0,0,0,0,0,0,0,0,0,0,0,0,0,0,0,0,0,0,1107,0,0,54,100,27,0,
2,1,2,练气,练气二阶,2450,1,0,0,110,3000,125039，125064，125294,125754，125984,500,163101,376,1981,286,376,0,0,0,0,0,0,0,0,0,0,0,0,0,0,0,0,0,0,0,0,0,0,0,0,0,1125,0,0,60,120,30,5,
3,1,3,练气,练气三阶,3050,2,10000,0,120,3000,125039，125065，125295,125755，125985,500,163101,410,2150,320,410,0,0,0,0,0,0,0,0,0,0,0,0,0,0,0,0,0,0,0,0,0,0,0,0,0,1142,56001,57001,70,140,35,7,
4,1,4,练气,练气四阶,3200,1,0,0,130,3000,125039，125066，125296,125756，125986,500,163101,444,2319,354,444,0,0,0,0,0,0,0,0,0,0,0,0,0,0,0,0,0,0,0,0,0,0,0,0,0,1163,0,0,80,160,40,9,
5,1,5,练气,练气五阶,3700,2,10000,0,140,3000,125039，125067，125297,125757，125987,500,163101,478,2488,388,478,0,0,0,0,0,0,0,0,0,0,0,0,0,0,0,0,0,0,0,0,0,0,0,0,0,1184,56001,57001,90,180,45,11,
6,1,6,练气,练气六阶,3800,1,0,0,150,3000,125039，125068，125298,125758，125988,500,163101,512,2657,422,512,0,0,0,0,0,0,0,0,0,0,0,0,0,0,0,0,0,0,0,0,0,0,0,0,0,1203,0,0,100,200,50,13,
7,1,7,练气,练气七阶,4200,1,0,0,160,3000,125039，125069，125299,125759，125989,500,163101,546,2826,456,546,0,0,0,0,0,0,0,0,0,0,0,0,0,0,0,0,0,0,0,0,0,0,0,0,0,1221,0,0,110,220,55,15,
8,1,8,练气,练气八阶,4350,1,0,0,170,3000,125039，125070，125300,125760，125990,500,163101,580,2995,490,580,0,0,0,0,0,0,0,0,0,0,0,0,0,0,0,0,0,0,0,0,0,0,0,0,0,1240,0,0,120,240,60,17,
9,1,9,练气,练气九阶,4750,1,0,0,180,3000,125039，125071，125301,125761，125991,500,163101,614,3164,524,614,0,0,0,0,0,0,0,0,0,0,0,0,0,0,0,0,0,0,0,0,0,0,0,0,0,1258,0,0,130,260,65,19,
10,1,10,练气,练气十阶,4850,2,10000,0,190,3000,125040，125072，125302,125762，125992,500,163102,648,3333,558,648,0,0,0,0,0,0,0,0,0,0,0,0,0,0,0,0,0,0,0,0,0,0,0,0,0,1285,56001,57001,140,280,70,21,
11,2,1,筑基,筑基一阶,5900,1,0,0,200,3000,125040，125073，125303,125763，125993,500,163102,732,3755,642,732,0,0,0,0,0,0,0,0,0,0,0,0,0,0,0,0,0,0,0,0,0,0,0,0,0,1311,0,0,150,300,75,23,
12,2,2,筑基,筑基二阶,6000,1,0,0,210,3000,125040，125074，125304,125764，125994,500,163102,777,3980,687,777,0,0,0,0,0,0,0,0,0,0,0,0,0,0,0,0,0,0,0,0,0,0,0,0,0,1342,0,0,160,320,80,25,
13,2,3,筑基,筑基三阶,7400,1,0,0,220,3000,125040，125075，125305,125765，125995,500,163102,822,4205,732,822,0,0,0,0,0,0,0,0,0,0,0,0,0,0,0,0,0,0,0,0,0,0,0,0,0,1372,0,0,170,340,85,27,
14,2,4,筑基,筑基四阶,7550,1,0,0,230,3000,125040，125076，125306,125766，125996,500,163102,867,4430,777,867,0,0,0,0,0,0,0,0,0,0,0,0,0,0,0,0,0,0,0,0,0,0,0,0,0,1399,0,0,180,360,90,29,
15,2,5,筑基,筑基五阶,9450,2,8000,0,240,3000,125040，125077，125307,125767，125997,500,163102,912,4655,822,912,0,0,0,0,0,0,0,0,0,0,0,0,0,0,0,0,0,0,0,0,0,0,0,0,0,1426,56001,57001,190,380,95,31,
16,2,6,筑基,筑基六阶,9600,1,0,0,250,3000,125040，125078，125308,125768，125998,500,163102,957,4880,867,957,0,0,0,0,0,0,0,0,0,0,0,0,0,0,0,0,0,0,0,0,0,0,0,0,0,1450,0,0,200,400,100,33,
17,2,7,筑基,筑基七阶,12000,1,0,0,260,3000,125040，125079，125309,125769，125999,500,163102,1002,5105,912,1002,0,0,0,0,0,0,0,0,0,0,0,0,0,0,0,0,0,0,0,0,0,0,0,0,0,1473,0,0,210,420,105,35,
18,2,8,筑基,筑基八阶,12150,1,0,0,270,3000,125040，125080，125310,125770，126000,500,163102,1047,5330,957,1047,0,0,0,0,0,0,0,0,0,0,0,0,0,0,0,0,0,0,0,0,0,0,0,0,0,1497,0,0,220,440,110,37,
19,2,9,筑基,筑基九阶,14700,1,0,0,280,3000,125040，125081，125311,125771，126001,500,163102,1092,5555,1002,1092,0,0,0,0,0,0,0,0,0,0,0,0,0,0,0,0,0,0,0,0,0,0,0,0,0,1521,0,0,230,460,115,39,
20,2,10,筑基,筑基十阶,14850,2,8000,0,290,3000,125041，125082，125312,125772，126002,500,163103,1137,5780,1047,1137,0,0,0,0,0,0,0,0,0,0,0,0,0,0,0,0,0,0,0,0,0,0,0,0,0,1560,56001,57001,240,480,120,41,
21,3,1,金丹,金丹一阶,116800,2,7500,0,300,3000,125041，125083，125313,125773，126003,500,163103,1250,6343,1160,1250,0,0,0,0,0,0,0,0,0,0,0,0,0,0,0,0,0,0,0,0,0,0,0,0,0,1598,56001,57001,250,500,125,43,
22,3,2,金丹,金丹二阶,118250,2,7500,0,310,3000,125041，125084，125314,125774，126004,500,163103,1306,6624,1216,1306,0,0,0,0,0,0,0,0,0,0,0,0,0,0,0,0,0,0,0,0,0,0,0,0,0,1632,56001,57001,260,520,130,45,
23,3,3,金丹,金丹三阶,143000,2,7500,0,320,3000,125041，125085，125315,125775，126005,500,163103,1362,6905,1272,1362,0,0,0,0,0,0,0,0,0,0,0,0,0,0,0,0,0,0,0,0,0,0,0,0,0,1665,56001,57001,270,540,135,47,
24,3,4,金丹,金丹四阶,144600,2,7500,0,330,3000,125041，125086，125316,125776，126006,500,163103,1418,7186,1328,1418,0,0,0,0,0,0,0,0,0,0,0,0,0,0,0,0,0,0,0,0,0,0,0,0,0,1695,56001,57001,280,560,140,49,
25,3,5,金丹,金丹五阶,175100,2,7500,0,340,3000,125041，125087，125317,125777，126007,500,163103,1474,7467,1384,1474,0,0,0,0,0,0,0,0,0,0,0,0,0,0,0,0,0,0,0,0,0,0,0,0,0,1725,56001,57001,290,580,145,51,
26,3,6,金丹,金丹六阶,177000,2,7500,0,350,3000,125041，125088，125318,125778，126008,500,163103,1530,7748,1440,1530,0,0,0,0,0,0,0,0,0,0,0,0,0,0,0,0,0,0,0,0,0,0,0,0,0,1757,56001,57001,300,600,150,53,
27,3,7,金丹,金丹七阶,211250,2,7500,0,360,3000,125041，125089，125319,125779，126009,500,163103,1586,8029,1496,1586,0,0,0,0,0,0,0,0,0,0,0,0,0,0,0,0,0,0,0,0,0,0,0,0,0,1789,56001,57001,310,620,155,55,
28,3,8,金丹,金丹八阶,213350,2,7500,0,370,3000,125041，125090，125320,125780，126010,500,163103,1642,8310,1552,1642,0,0,0,0,0,0,0,0,0,0,0,0,0,0,0,0,0,0,0,0,0,0,0,0,0,1822,56001,57001,320,640,160,57,
29,3,9,金丹,金丹九阶,254750,2,7500,0,380,3000,125041，125091，125321,125781，126011,500,163103,1698,8591,1608,1698,0,0,0,0,0,0,0,0,0,0,0,0,0,0,0,0,0,0,0,0,0,0,0,0,0,1854,56001,57001,330,660,165,59,
30,3,10,金丹,金丹十阶,257200,2,7500,0,390,3000,125042，125092，125322,125782，126012,500,163104,1754,8872,1664,1754,0,0,0,0,0,0,0,0,0,0,0,0,0,0,0,0,0,0,0,0,0,0,0,0,0,1900,56001,57001,340,680,170,61,
31,4,1,元婴,元婴一阶,603200,2,7000,0,400,3000,125042，125093，125323,125783，126013,500,163104,1895,9575,1805,1895,0,0,0,0,0,0,0,0,0,0,0,0,0,0,0,0,0,0,0,0,0,0,0,0,0,1945,56001,57001,350,700,175,63,
32,4,2,元婴,元婴二阶,608400,2,7000,0,410,3000,125042，125094，125324,125784，126014,500,163104,1963,9913,1873,1963,0,0,0,0,0,0,0,0,0,0,0,0,0,0,0,0,0,0,0,0,0,0,0,0,0,1983,56001,57001,360,720,180,65,
33,4,3,元婴,元婴三阶,740900,2,7000,0,420,3000,125042，125095，125325,125785，126015,500,163104,2031,10251,1941,2031,0,0,0,0,0,0,0,0,0,0,0,0,0,0,0,0,0,0,0,0,0,0,0,0,0,2020,56001,57001,370,740,185,67,
34,4,4,元婴,元婴四阶,747000,2,7000,0,430,3000,125042，125096，125326,125786，126016,500,163104,2099,10589,2009,2099,0,0,0,0,0,0,0,0,0,0,0,0,0,0,0,0,0,0,0,0,0,0,0,0,0,2058,56001,57001,380,760,190,69,
35,4,5,元婴,元婴五阶,882300,2,7000,0,440,3000,125042，125097，125327,125787，126017,500,163104,2167,10927,2077,2167,0,0,0,0,0,0,0,0,0,0,0,0,0,0,0,0,0,0,0,0,0,0,0,0,0,2096,56001,57001,390,780,195,71,
36,4,6,元婴,元婴六阶,889050,2,7000,0,450,3000,125042，125098，125328,125788，126018,500,163104,2235,11265,2145,2235,0,0,0,0,0,0,0,0,0,0,0,0,0,0,0,0,0,0,0,0,0,0,0,0,0,2134,56001,57001,400,800,200,73,
37,4,7,元婴,元婴七阶,1027100,2,7000,0,460,3000,125042，125099，125329,125789，126019,500,163104,2303,11603,2213,2303,0,0,0,0,0,0,0,0,0,0,0,0,0,0,0,0,0,0,0,0,0,0,0,0,0,2172,56001,57001,410,820,205,75,
38,4,8,元婴,元婴八阶,1027550,2,7000,0,470,3000,125042，125100，125330,125790，126020,500,163104,2371,11941,2281,2371,0,0,0,0,0,0,0,0,0,0,0,0,0,0,0,0,0,0,0,0,0,0,0,0,0,2210,56001,57001,420,840,210,77,
39,4,9,元婴,元婴九阶,1126200,2,7000,0,480,3000,125042，125101，125331,125791，126021,500,163104,2439,12279,2349,2439,0,0,0,0,0,0,0,0,0,0,0,0,0,0,0,0,0,0,0,0,0,0,0,0,0,2248,56001,57001,430,860,215,79,
40,4,10,元婴,元婴十阶,1145200,2,7000,0,490,3000,125043，125102，125332,125792，126022,500,163105,2507,12617,2417,2507,0,0,0,0,0,0,0,0,0,0,0,0,0,0,0,0,0,0,0,0,0,0,0,0,0,2292,56001,57001,440,880,220,81,
41,5,1,分神,分神一阶,1456700,2,6500,0,500,3000,125043，125103，125333,125793，126023,500,163105,2676,13461,2586,2676,0,0,0,0,0,0,0,0,0,0,0,0,0,0,0,0,0,0,0,0,0,0,0,0,0,2335,56001,57001,450,900,225,83,
42,5,2,分神,分神二阶,1536000,2,6500,0,510,3000,125043，125104，125334,125794，126024,500,163105,2755,13855,2665,2755,0,0,0,0,0,0,0,0,0,0,0,0,0,0,0,0,0,0,0,0,0,0,0,0,0,2379,56001,57001,460,920,230,85,
43,5,3,分神,分神三阶,1795400,2,6500,0,520,3000,125043，125105，125335,125795，126025,500,163105,2834,14249,2744,2834,0,0,0,0,0,0,0,0,0,0,0,0,0,0,0,0,0,0,0,0,0,0,0,0,0,2422,56001,57001,470,940,235,87,
44,5,4,分神,分神四阶,1897200,2,6500,0,530,3000,125043，125106，125336,125796，126026,500,163105,2913,14643,2823,2913,0,0,0,0,0,0,0,0,0,0,0,0,0,0,0,0,0,0,0,0,0,0,0,0,0,2466,56001,57001,480,960,240,89,
45,5,5,分神,分神五阶,2708550,2,6500,0,540,3000,125043，125107，125337,125797，126027,500,163105,2992,15037,2902,2992,0,0,0,0,0,0,0,0,0,0,0,0,0,0,0,0,0,0,0,0,0,0,0,0,0,2509,56001,57001,490,980,245,91,
46,5,6,分神,分神六阶,2866900,2,6500,0,550,3000,125043，125108，125338,125798，126028,500,163105,3071,15431,2981,3071,0,0,0,0,0,0,0,0,0,0,0,0,0,0,0,0,0,0,0,0,0,0,0,0,0,2553,56001,57001,507,1013,254,93,
47,5,7,分神,分神七阶,3310950,2,6500,0,560,3000,125043，125109，125339,125799，126029,500,163105,3150,15825,3060,3150,0,0,0,0,0,0,0,0,0,0,0,0,0,0,0,0,0,0,0,0,0,0,0,0,0,2596,56001,57001,585,1169,293,95,
48,5,8,分神,分神八阶,3496600,2,6500,0,570,3000,125043，125110，125340,125800，126030,500,163105,3229,16219,3139,3229,0,0,0,0,0,0,0,0,0,0,0,0,0,0,0,0,0,0,0,0,0,0,0,0,0,2640,56001,57001,622,1243,311,97,
49,5,9,分神,分神九阶,3533600,2,6500,0,580,3000,125043，125111，125341,125801，126031,500,163105,3308,16613,3218,3308,0,0,0,0,0,0,0,0,0,0,0,0,0,0,0,0,0,0,0,0,0,0,0,0,0,2683,56001,57001,714,1427,357,99,
50,5,10,分神,分神十阶,3671550,2,6500,0,590,3000,125044，125112，125342,125802，126032,500,163106,3387,17007,3297,3387,0,0,0,0,0,0,0,0,0,0,0,0,0,0,0,0,0,0,0,0,0,0,0,0,0,2732,56001,57001,759,1518,380,101,
51,6,1,炼虚,炼虚一阶,3903800,2,6000,0,600,3000,125044，125113，125343,125803，126033,500,163106,3612,18132,3522,3612,0,0,0,0,0,0,0,0,0,0,0,0,0,0,0,0,0,0,0,0,0,0,0,0,0,2781,56001,57001,626,1252,313,103,
52,6,2,炼虚,炼虚二阶,4039900,2,6000,0,610,3000,125044，125114，125344,125804，126034,500,163106,3702,18582,3612,3702,0,0,0,0,0,0,0,0,0,0,0,0,0,0,0,0,0,0,0,0,0,0,0,0,0,2831,56001,57001,654,1308,327,105,
53,6,3,炼虚,炼虚三阶,4100650,2,6000,0,620,3000,125044，125115，125345,125805，126035,500,163106,3792,19032,3702,3792,0,0,0,0,0,0,0,0,0,0,0,0,0,0,0,0,0,0,0,0,0,0,0,0,0,2880,56001,57001,730,1459,365,107,
54,6,4,炼虚,炼虚四阶,4172000,2,6000,0,630,3000,125044，125116，125346,125806，126036,500,163106,3882,19482,3792,3882,0,0,0,0,0,0,0,0,0,0,0,0,0,0,0,0,0,0,0,0,0,0,0,0,0,2929,56001,57001,763,1525,382,109,
55,6,5,炼虚,炼虚五阶,4628100,2,6000,0,640,3000,125044，125117，125347,125807，126037,500,163106,3972,19932,3882,3972,0,0,0,0,0,0,0,0,0,0,0,0,0,0,0,0,0,0,0,0,0,0,0,0,0,2978,56001,57001,847,1694,424,111,
56,6,6,炼虚,炼虚六阶,4827650,2,6000,0,650,3000,125044，125118，125348,125808，126038,500,163106,4062,20382,3972,4062,0,0,0,0,0,0,0,0,0,0,0,0,0,0,0,0,0,0,0,0,0,0,0,0,0,3028,56001,57001,885,1770,443,113,
57,6,7,炼虚,炼虚七阶,5341000,2,6000,0,660,3000,125044，125119，125349,125809，126039,500,163106,4152,20832,4062,4152,0,0,0,0,0,0,0,0,0,0,0,0,0,0,0,0,0,0,0,0,0,0,0,0,0,3077,56001,57001,980,1960,490,115,
58,6,8,炼虚,炼虚八阶,5506350,2,6000,0,670,3000,125044，125120，125350,125810，126040,500,163106,4242,21282,4152,4242,0,0,0,0,0,0,0,0,0,0,0,0,0,0,0,0,0,0,0,0,0,0,0,0,0,3127,56001,57001,1024,2048,512,117,
59,6,9,炼虚,炼虚九阶,5715400,2,6000,0,680,3000,125044，125121，125351,125811，126041,500,163106,4332,21732,4242,4332,0,0,0,0,0,0,0,0,0,0,0,0,0,0,0,0,0,0,0,0,0,0,0,0,0,3176,56001,57001,1130,2260,565,119,
60,6,10,炼虚,炼虚十阶,5860000,2,6000,0,690,3000,125045，125122，125352,125812，126042,500,163107,4422,22182,4332,4422,0,0,0,0,0,0,0,0,0,0,0,0,0,0,0,0,0,0,0,0,0,0,0,0,0,3231,56001,57001,1181,2361,591,121,
61,7,1,合体,合体一阶,6010750,2,5500,0,700,3000,125045，125123，125353,125813，126043,500,163107,4722,23682,4632,4722,0,0,0,0,0,0,0,0,0,0,0,0,0,0,0,0,0,0,0,0,0,0,0,0,0,3286,56001,57001,1154,2308,577,123,
62,7,2,合体,合体二阶,6111400,2,5500,0,710,3000,125045，125124，125354,125814，126044,500,163107,4823,24188,4733,4823,0,0,0,0,0,0,0,0,0,0,0,0,0,0,0,0,0,0,0,0,0,0,0,0,0,3341,56001,57001,1200,2399,600,125,
63,7,3,合体,合体三阶,6419600,2,5500,0,720,3000,125045，125125，125355,125815，126045,500,163107,4924,24694,4834,4924,0,0,0,0,0,0,0,0,0,0,0,0,0,0,0,0,0,0,0,0,0,0,0,0,0,3396,56001,57001,1310,2619,655,127,
64,7,4,合体,合体四阶,6973200,2,5500,0,730,3000,125045，125126，125356,125816，126046,500,163107,5025,25200,4935,5025,0,0,0,0,0,0,0,0,0,0,0,0,0,0,0,0,0,0,0,0,0,0,0,0,0,3451,56001,57001,1361,2722,681,129,
65,7,5,合体,合体五阶,7649950,2,5500,0,740,3000,125045，125127，125357,125817，126047,500,163107,5126,25706,5036,5126,0,0,0,0,0,0,0,0,0,0,0,0,0,0,0,0,0,0,0,0,0,0,0,0,0,3506,56001,57001,1483,2965,742,149,
66,7,6,合体,合体六阶,7995400,2,5500,0,750,3000,125045，125128，125358,125818，126048,500,163107,5227,26212,5137,5227,0,0,0,0,0,0,0,0,0,0,0,0,0,0,0,0,0,0,0,0,0,0,0,0,0,3562,56001,57001,1541,3081,771,153,
67,7,7,合体,合体七阶,8733600,2,5500,0,760,3000,125045，125129，125359,125819，126049,500,163107,5328,26718,5238,5328,0,0,0,0,0,0,0,0,0,0,0,0,0,0,0,0,0,0,0,0,0,0,0,0,0,3617,56001,57001,1675,3349,838,156,
68,7,8,合体,合体八阶,9137600,2,5500,0,770,3000,125045，125130，125360,125820，126050,500,163107,5429,27224,5339,5429,0,0,0,0,0,0,0,0,0,0,0,0,0,0,0,0,0,0,0,0,0,0,0,0,0,3672,56001,57001,1740,3480,870,159,
69,7,9,合体,合体九阶,9925900,2,5500,0,780,3000,125045，125131，125361,125821，126051,500,163107,5530,27730,5440,5530,0,0,0,0,0,0,0,0,0,0,0,0,0,0,0,0,0,0,0,0,0,0,0,0,0,3726,56001,57001,1888,3776,944,163,
70,7,10,合体,合体十阶,9962350,2,5500,0,790,3000,125046，125132，125362,125822，126052,500,163108,5631,28236,5541,5631,0,0,0,0,0,0,0,0,0,0,0,0,0,0,0,0,0,0,0,0,0,0,0,0,0,3803,56001,57001,1962,3924,981,166,
71,8,1,洞虚,洞虚一阶,10329150,2,5000,0,800,3000,125046，125133，125363,125823，126053,500,163108,6036,30261,5946,6036,0,0,0,0,0,0,0,0,0,0,0,0,0,0,0,0,0,0,0,0,0,0,0,0,0,3880,56001,57001,1860,3720,930,169,
72,8,2,洞虚,洞虚二阶,10422050,2,5000,0,810,3000,125046，125134，125364,125824，126054,500,163108,6171,30936,6081,6171,0,0,0,0,0,0,0,0,0,0,0,0,0,0,0,0,0,0,0,0,0,0,0,0,0,3957,56001,57001,1923,3845,962,173,
73,8,3,洞虚,洞虚三阶,11173850,2,5000,0,820,3000,125046，125135，125365,125825，126055,500,163108,6306,31611,6216,6306,0,0,0,0,0,0,0,0,0,0,0,0,0,0,0,0,0,0,0,0,0,0,0,0,0,4034,56001,57001,2068,4135,1034,179,
74,8,4,洞虚,洞虚四阶,11616400,2,5000,0,830,3000,125046，125136，125366,125826，126056,500,163108,6441,32286,6351,6441,0,0,0,0,0,0,0,0,0,0,0,0,0,0,0,0,0,0,0,0,0,0,0,0,0,4111,56001,57001,2137,4273,1069,185,
75,8,5,洞虚,洞虚五阶,12547650,2,5000,0,840,3000,125046，125137，125367,125827，126057,500,163108,6576,32961,6486,6576,0,0,0,0,0,0,0,0,0,0,0,0,0,0,0,0,0,0,0,0,0,0,0,0,0,4188,56001,57001,2294,4588,1147,191,
76,8,6,洞虚,洞虚六阶,13044600,2,5000,0,850,3000,125046，125138，125368,125828，126058,500,163108,6711,33636,6621,6711,0,0,0,0,0,0,0,0,0,0,0,0,0,0,0,0,0,0,0,0,0,0,0,0,0,4265,56001,57001,2371,4742,1186,197,
77,8,7,洞虚,洞虚七阶,14070600,2,5000,0,860,3000,125046，125139，125369,125829，126059,500,163108,6846,34311,6756,6846,0,0,0,0,0,0,0,0,0,0,0,0,0,0,0,0,0,0,0,0,0,0,0,0,0,4341,56001,57001,2543,5085,1272,203,
78,8,8,洞虚,洞虚八阶,14627750,2,5000,0,870,3000,125046，125140，125370,125830，126060,500,163108,6981,34986,6891,6981,0,0,0,0,0,0,0,0,0,0,0,0,0,0,0,0,0,0,0,0,0,0,0,0,0,4341,56001,57001,2628,5255,1314,209,
79,8,9,洞虚,洞虚九阶,15757550,2,5000,0,880,3000,125046，125141，125371,125831，126061,500,163108,7116,35661,7026,7116,0,0,0,0,0,0,0,0,0,0,0,0,0,0,0,0,0,0,0,0,0,0,0,0,0,4380,56001,57001,2814,5627,1407,215,
80,8,10,洞虚,洞虚十阶,16381600,2,5000,0,890,3000,125047，125142，125372,125832，126062,500,163109,7251,36336,7161,7251,0,0,0,0,0,0,0,0,0,0,0,0,0,0,0,0,0,0,0,0,0,0,0,0,0,4380,56001,57001,2908,5815,1454,221,
81,9,1,大乘,大乘一阶,16978350,2,5000,0,900,3000,125047，125143，125373,125833，126063,500,163109,7836,39261,7746,7836,0,0,0,0,0,0,0,0,0,0,0,0,0,0,0,0,0,0,0,0,0,0,0,0,0,4430,56001,57001,2996,5991,1498,227,
82,9,2,大乘,大乘二阶,17626650,2,5000,0,910,3000,125047，125144，125374,125834，126064,500,163109,8005,40105,7915,8005,0,0,0,0,0,0,0,0,0,0,0,0,0,0,0,0,0,0,0,0,0,0,0,0,0,4480,56001,57001,3091,6182,1546,233,
83,9,3,大乘,大乘三阶,18917300,2,5000,0,920,3000,125047，125145，125375,125835，126065,500,163109,8174,40949,8084,8174,0,0,0,0,0,0,0,0,0,0,0,0,0,0,0,0,0,0,0,0,0,0,0,0,0,4530,56001,57001,3297,6594,1649,239,
84,9,4,大乘,大乘四阶,19639650,2,5000,0,930,3000,125047，125146，125376,125836，126066,500,163109,8343,41793,8253,8343,0,0,0,0,0,0,0,0,0,0,0,0,0,0,0,0,0,0,0,0,0,0,0,0,0,4580,56001,57001,3403,6805,1702,245,
85,9,5,大乘,大乘五阶,21055300,2,5000,0,940,3000,125047，125147，125377,125837，126067,500,163109,8512,42637,8422,8512,0,0,0,0,0,0,0,0,0,0,0,0,0,0,0,0,0,0,0,0,0,0,0,0,0,4630,56001,57001,3626,7251,1813,251,
86,9,6,大乘,大乘六阶,21859200,2,5000,0,950,3000,125047，125148，125378,125838，126068,500,163109,8681,43481,8591,8681,0,0,0,0,0,0,0,0,0,0,0,0,0,0,0,0,0,0,0,0,0,0,0,0,0,4680,56001,57001,3741,7482,1871,257,
87,9,7,大乘,大乘七阶,23411350,2,5000,0,960,3000,125047，125149，125379,125839，126069,500,163109,8850,44325,8760,8850,0,0,0,0,0,0,0,0,0,0,0,0,0,0,0,0,0,0,0,0,0,0,0,0,0,4730,56001,57001,3982,7964,1991,263,
88,9,8,大乘,大乘八阶,24302450,2,5000,0,970,3000,125047，125150，125380,125840，126070,500,163109,9019,45169,8929,9019,0,0,0,0,0,0,0,0,0,0,0,0,0,0,0,0,0,0,0,0,0,0,0,0,0,4780,56001,57001,4109,8217,2055,269,
89,9,9,大乘,大乘九阶,26087850,2,5000,0,980,3000,125047，125151，125381,125841，126071,500,163109,9188,46013,9098,9188,0,0,0,0,0,0,0,0,0,0,0,0,0,0,0,0,0,0,0,0,0,0,0,0,0,4830,56001,57001,4385,8770,2193,338,
90,9,10,大乘,大乘十阶,27097050,2,5000,0,990,3000,125048，125152，125382,125842，126072,500,163110,9357,46857,9267,9357,0,0,0,0,0,0,0,0,0,0,0,0,0,0,0,0,0,0,0,0,0,0,0,0,0,4880,56001,57001,4525,9049,2263,345,
91,10,1,游仙,游仙一阶,28817750,2,5000,0,1000,3000,125048，125153，125383,125843，126073,500,163110,10145,50795,10055,10145,0,0,0,0,0,0,0,0,0,0,0,0,0,0,0,0,0,0,0,0,0,0,0,0,0,4930,56001,57001,4782,9564,2391,353,
92,10,2,游仙,游仙二阶,29909100,2,5000,0,1010,3000,125048，125154，125384,125844，126074,500,163110,10348,51808,10258,10348,0,0,0,0,0,0,0,0,0,0,0,0,0,0,0,0,0,0,0,0,0,0,0,0,0,4980,56001,57001,4932,9864,2466,458,
93,10,3,游仙,游仙三阶,32142750,2,5000,0,1020,3000,125048，125155，125385,125845，126075,500,163110,10551,52821,10461,10551,0,0,0,0,0,0,0,0,0,0,0,0,0,0,0,0,0,0,0,0,0,0,0,0,0,5030,56001,57001,5269,10538,2635,462,
94,10,4,游仙,游仙四阶,33360100,2,5000,0,1030,3000,125048，125156，125386,125846，126076,500,163110,10754,53834,10664,10754,0,0,0,0,0,0,0,0,0,0,0,0,0,0,0,0,0,0,0,0,0,0,0,0,0,5080,56001,57001,5434,10868,2717,466,
95,10,5,游仙,游仙五阶,35581900,2,5000,0,1040,3000,125048，125157，125387,125847，126077,500,163110,10957,54847,10867,10957,0,0,0,0,0,0,0,0,0,0,0,0,0,0,0,0,0,0,0,0,0,0,0,0,0,5130,56001,57001,5759,11518,2880,470,
96,10,6,游仙,游仙六阶,36929350,2,5000,0,1050,3000,125048，125158，125388,125848，126078,500,163110,11160,55860,11070,11160,0,0,0,0,0,0,0,0,0,0,0,0,0,0,0,0,0,0,0,0,0,0,0,0,0,5180,56001,57001,5939,11878,2970,474,
97,10,7,游仙,游仙七阶,39373750,2,5000,0,1060,3000,125048，125159，125389,125849，126079,500,163110,11363,56873,11273,11363,0,0,0,0,0,0,0,0,0,0,0,0,0,0,0,0,0,0,0,0,0,0,0,0,0,5230,56001,57001,6290,12579,3145,478,
98,10,8,游仙,游仙八阶,40864750,2,5000,0,1070,3000,125048，125160，125390,125850，126080,500,163110,11566,57886,11476,11566,0,0,0,0,0,0,0,0,0,0,0,0,0,0,0,0,0,0,0,0,0,0,0,0,0,5280,56001,57001,6486,12971,3243,483,
99,10,9,游仙,游仙九阶,42601100,2,5000,0,1080,3000,125048，125161，125391,125851，126081,500,163110,11769,58899,11679,11769,0,0,0,0,0,0,0,0,0,0,0,0,0,0,0,0,0,0,0,0,0,0,0,0,0,5330,56001,57001,6863,13726,3432,487,
100,10,10,游仙,游仙十阶,43524350,2,5000,0,1090,3000,125049，125162，125392,125852，126082,500,163111,11972,59912,11882,11972,0,0,0,0,0,0,0,0,0,0,0,0,0,0,0,0,0,0,0,0,0,0,0,0,0,5380,56001,57001,7077,14154,3539,491,
101,11,1,地仙,地仙一阶,44019300,2,5000,0,1100,3000,125049，125163，125393,125853，126083,500,163111,12985,64975,12895,12985,0,0,0,0,0,0,0,0,0,0,0,0,0,0,0,0,0,0,0,0,0,0,0,0,0,5430,56001,57001,6632,13263,3316,495,
102,11,2,地仙,地仙二阶,45157300,2,5000,0,1110,3000,125049，125164，125394,125854，126084,500,163111,13221,66156,13131,13221,0,0,0,0,0,0,0,0,0,0,0,0,0,0,0,0,0,0,0,0,0,0,0,0,0,5480,56001,57001,6810,13619,3405,499,
103,11,3,地仙,地仙三阶,46634100,2,5000,0,1120,3000,125049，125165，125395,125855，126085,500,163111,13457,67337,13367,13457,0,0,0,0,0,0,0,0,0,0,0,0,0,0,0,0,0,0,0,0,0,0,0,0,0,5530,56001,57001,7167,14333,3584,503,
104,11,4,地仙,地仙四阶,48218500,2,5000,0,1130,3000,125049，125166，125396,125856，126086,500,163111,13693,68518,13603,13693,0,0,0,0,0,0,0,0,0,0,0,0,0,0,0,0,0,0,0,0,0,0,0,0,0,5580,56001,57001,7359,14717,3680,507,
105,11,5,地仙,地仙五阶,51052350,2,5000,0,1140,3000,125049，125167，125397,125857，126087,500,163111,13929,69699,13839,13929,0,0,0,0,0,0,0,0,0,0,0,0,0,0,0,0,0,0,0,0,0,0,0,0,0,5630,56001,57001,7740,15479,3870,512,
106,11,6,地仙,地仙六阶,52769600,2,5000,0,1150,3000,125049，125168，125398,125858，126088,500,163111,14165,70880,14075,14165,0,0,0,0,0,0,0,0,0,0,0,0,0,0,0,0,0,0,0,0,0,0,0,0,0,5680,56001,57001,7947,15893,3974,516,
107,11,7,地仙,地仙七阶,55839300,2,5000,0,1160,3000,125049，125169，125399,125859，126089,500,163111,14401,72061,14311,14401,0,0,0,0,0,0,0,0,0,0,0,0,0,0,0,0,0,0,0,0,0,0,0,0,0,5730,56001,57001,8352,16704,4176,520,
108,11,8,地仙,地仙八阶,57699150,2,5000,0,1170,3000,125049，125170，125400,125860，126090,500,163111,14637,73242,14547,14637,0,0,0,0,0,0,0,0,0,0,0,0,0,0,0,0,0,0,0,0,0,0,0,0,0,5780,56001,57001,8575,17150,4288,524,
109,11,9,地仙,地仙九阶,58955050,2,5000,0,1180,3000,125049，125171，125401,125861，126091,500,163111,14873,74423,14783,14873,0,0,0,0,0,0,0,0,0,0,0,0,0,0,0,0,0,0,0,0,0,0,0,0,0,5830,56001,57001,9008,18015,4504,528,
110,11,10,地仙,地仙十阶,60713800,2,5000,0,1190,3000,125050，125172，125402,125862，126092,500,163112,15109,75604,15019,15109,0,0,0,0,0,0,0,0,0,0,0,0,0,0,0,0,0,0,0,0,0,0,0,0,0,5880,56001,57001,9248,18495,4624,532,
111,12,1,真仙,真仙一阶,61041750,2,5000,0,1200,3000,125050，125173，125403,125863，126093,500,163112,16369,81904,16279,16369,0,0,0,0,0,0,0,0,0,0,0,0,0,0,0,0,0,0,0,0,0,0,0,0,0,5930,56001,57001,8585,17170,4293,536,
112,12,2,真仙,真仙二阶,63094850,2,5000,0,1210,3000,125050，125174，125404,125864，126094,500,163112,16639,83254,16549,16639,0,0,0,0,0,0,0,0,0,0,0,0,0,0,0,0,0,0,0,0,0,0,0,0,0,5980,56001,57001,8780,17560,4390,541,
113,12,3,真仙,真仙三阶,63930000,2,5000,0,1220,3000,125050，125175，125405,125865，126095,500,163112,16909,84604,16819,16909,0,0,0,0,0,0,0,0,0,0,0,0,0,0,0,0,0,0,0,0,0,0,0,0,0,6030,56001,57001,9179,18357,4590,545,
114,12,4,真仙,真仙四阶,65836950,2,5000,0,1230,3000,125050，125176，125406,125866，126096,500,163112,17179,85954,17089,17179,0,0,0,0,0,0,0,0,0,0,0,0,0,0,0,0,0,0,0,0,0,0,0,0,0,6080,56001,57001,9387,18774,4694,549,
115,12,5,真仙,真仙五阶,69249900,2,5000,0,1240,3000,125050，125177，125407,125867，126097,500,163112,17449,87304,17359,17449,0,0,0,0,0,0,0,0,0,0,0,0,0,0,0,0,0,0,0,0,0,0,0,0,0,6130,56001,57001,9808,19615,4904,553,
116,12,6,真仙,真仙六阶,71315650,2,5000,0,1250,3000,125050，125178，125408,125868，126098,500,163112,17719,88654,17629,17719,0,0,0,0,0,0,0,0,0,0,0,0,0,0,0,0,0,0,0,0,0,0,0,0,0,6180,56001,57001,10029,20058,5015,557,
117,12,7,真仙,真仙七阶,75001350,2,5000,0,1260,3000,125050，125179，125409,125869，126099,500,163112,17989,90004,17899,17989,0,0,0,0,0,0,0,0,0,0,0,0,0,0,0,0,0,0,0,0,0,0,0,0,0,6230,56001,57001,10473,20946,5237,561,
118,12,8,真仙,真仙八阶,77238550,2,5000,0,1270,3000,125050，125180，125410,125870，126100,500,163112,18259,91354,18169,18259,0,0,0,0,0,0,0,0,0,0,0,0,0,0,0,0,0,0,0,0,0,0,0,0,0,6280,56001,57001,10709,21418,5355,565,
119,12,9,真仙,真仙九阶,81218800,2,5000,0,1280,3000,125050，125181，125411,125871，126101,500,163112,18529,92704,18439,18529,0,0,0,0,0,0,0,0,0,0,0,0,0,0,0,0,0,0,0,0,0,0,0,0,0,6330,56001,57001,11177,22354,5589,569,
120,12,10,真仙,真仙十阶,83641200,2,5000,0,1290,3000,125051，125182，125412,125872，126102,500,163113,18799,94054,18709,18799,0,0,0,0,0,0,0,0,0,0,0,0,0,0,0,0,0,0,0,0,0,0,0,0,0,6380,56001,57001,11428,22856,5714,574,
121,13,1,天仙,天仙一阶,84089850,2,5000,0,1300,3000,125051，125183，125413,125873，126103,500,163113,20329,101704,20239,20329,0,0,0,0,0,0,0,0,0,0,0,0,0,0,0,0,0,0,0,0,0,0,0,0,0,6430,56001,57001,11410,22820,5705,578,
122,13,2,天仙,天仙二阶,86493000,2,5000,0,1310,3000,125051，125184，125414,125874，126104,500,163113,20644,103279,20554,20644,0,0,0,0,0,0,0,0,0,0,0,0,0,0,0,0,0,0,0,0,0,0,0,0,0,6480,56001,57001,11651,23302,5826,750,
123,13,3,天仙,天仙三阶,90759500,2,5000,0,1320,3000,125051，125185，125415,125875，126105,500,163113,20959,104854,20869,20959,0,0,0,0,0,0,0,0,0,0,0,0,0,0,0,0,0,0,0,0,0,0,0,0,0,6530,56001,57001,12134,24268,6067,756,
124,13,4,天仙,天仙四阶,93352950,2,5000,0,1330,3000,125051，125186，125416,125876，126106,500,163113,21274,106429,21184,21274,0,0,0,0,0,0,0,0,0,0,0,0,0,0,0,0,0,0,0,0,0,0,0,0,0,6580,56001,57001,12389,24778,6195,762,
125,13,5,天仙,天仙五阶,97898700,2,5000,0,1340,3000,125051，125187，125417,125877，126107,500,163113,21589,108004,21499,21589,0,0,0,0,0,0,0,0,0,0,0,0,0,0,0,0,0,0,0,0,0,0,0,0,0,6630,56001,57001,12897,25793,6449,768,
126,13,6,天仙,天仙六阶,100674600,2,5000,0,1350,3000,125051，125188，125418,125878，126108,500,163113,21904,109579,21814,21904,0,0,0,0,0,0,0,0,0,0,0,0,0,0,0,0,0,0,0,0,0,0,0,0,0,6680,56001,57001,13167,26333,6584,774,
127,13,7,天仙,天仙七阶,105538000,2,5000,0,1360,3000,125051，125189，125419,125879，126109,500,163113,22219,111154,22129,22219,0,0,0,0,0,0,0,0,0,0,0,0,0,0,0,0,0,0,0,0,0,0,0,0,0,6730,56001,57001,13700,27400,6850,779,
128,13,8,天仙,天仙八阶,108576550,2,5000,0,1370,3000,125051，125190，125420,125880，126110,500,163113,22534,112729,22444,22534,0,0,0,0,0,0,0,0,0,0,0,0,0,0,0,0,0,0,0,0,0,0,0,0,0,6780,56001,57001,13986,27971,6993,785,
129,13,9,天仙,天仙九阶,109434100,2,5000,0,1380,3000,125051，125191，125421,125881，126111,500,163113,22849,114304,22759,22849,0,0,0,0,0,0,0,0,0,0,0,0,0,0,0,0,0,0,0,0,0,0,0,0,0,6830,56001,57001,14546,29091,7273,791,
130,13,10,天仙,天仙十阶,112234050,2,5000,0,1390,3000,125052，125192，125422,125882，126112,500,163114,23164,115879,23074,23164,0,0,0,0,0,0,0,0,0,0,0,0,0,0,0,0,0,0,0,0,0,0,0,0,0,6880,56001,57001,14848,29695,7424,797,
131,14,1,太乙,太乙一阶,113757250,2,5000,0,1400,3000,125052，125193，125423,125883，126113,500,163114,25054,125329,24964,25054,0,0,0,0,0,0,0,0,0,0,0,0,0,0,0,0,0,0,0,0,0,0,0,0,0,6930,56001,57001,13778,27556,6889,803,
132,14,2,太乙,太乙二阶,117007650,2,5000,0,1410,3000,125052，125194，125424,125884，126114,500,163114,25414,127129,25324,25414,0,0,0,0,0,0,0,0,0,0,0,0,0,0,0,0,0,0,0,0,0,0,0,0,0,6980,56001,57001,14022,28044,7011,808,
133,14,3,太乙,太乙三阶,117169600,2,5000,0,1420,3000,125052，125195，125425,125885，126115,500,163114,25774,128929,25684,25774,0,0,0,0,0,0,0,0,0,0,0,0,0,0,0,0,0,0,0,0,0,0,0,0,0,7030,56001,57001,14529,29057,7265,814,
134,14,4,太乙,太乙四阶,120191750,2,5000,0,1430,3000,125052，125196，125426,125886，126116,500,163114,26134,130729,26044,26134,0,0,0,0,0,0,0,0,0,0,0,0,0,0,0,0,0,0,0,0,0,0,0,0,0,7080,56001,57001,14785,29569,7393,820,
135,14,5,太乙,太乙五阶,125463100,2,5000,0,1440,3000,125052，125197，125427,125887，126117,500,163114,26494,132529,26404,26494,0,0,0,0,0,0,0,0,0,0,0,0,0,0,0,0,0,0,0,0,0,0,0,0,0,7130,56001,57001,15312,30624,7656,826,
136,14,6,太乙,太乙六阶,128647300,2,5000,0,1450,3000,125052，125198，125428,125888，126118,500,163114,26854,134329,26764,26854,0,0,0,0,0,0,0,0,0,0,0,0,0,0,0,0,0,0,0,0,0,0,0,0,0,7180,56001,57001,15580,31160,7790,832,
137,14,7,太乙,太乙七阶,134248350,2,5000,0,1460,3000,125052，125199，125429,125889，126119,500,163114,27214,136129,27124,27214,0,0,0,0,0,0,0,0,0,0,0,0,0,0,0,0,0,0,0,0,0,0,0,0,0,7230,56001,57001,16130,32259,8065,837,
138,14,8,太乙,太乙八阶,137682900,2,5000,0,1470,3000,125052，125200，125430,125890，126120,500,163114,27574,137929,27484,27574,0,0,0,0,0,0,0,0,0,0,0,0,0,0,0,0,0,0,0,0,0,0,0,0,0,7280,56001,57001,16410,32820,8205,843,
139,14,9,太乙,太乙九阶,138259900,2,5000,0,1480,3000,125052，125201，125431,125891，126121,500,163114,27934,139729,27844,27934,0,0,0,0,0,0,0,0,0,0,0,0,0,0,0,0,0,0,0,0,0,0,0,0,0,7330,56001,57001,16982,33964,8491,849,
140,14,10,太乙,太乙十阶,141452800,2,5000,0,1490,3000,125053，125202，125432,125892，126122,500,163115,28294,141529,28204,28294,0,0,0,0,0,0,0,0,0,0,0,0,0,0,0,0,0,0,0,0,0,0,0,0,0,7380,56001,57001,17276,34552,8638,855,
141,15,1,大罗,大罗金仙一阶,143662250,2,5000,0,1500,3000,125053，125203，125433,125893，126123,500,163115,30574,152929,30484,30574,0,0,0,0,0,0,0,0,0,0,0,0,0,0,0,0,0,0,0,0,0,0,0,0,0,7430,56001,57001,16081,32161,8041,861,
142,15,2,大罗,大罗金仙二阶,147098100,2,5000,0,1510,3000,125053，125204，125434,125894，126124,500,163115,30979,154954,30889,30979,0,0,0,0,0,0,0,0,0,0,0,0,0,0,0,0,0,0,0,0,0,0,0,0,0,7480,56001,57001,16317,32634,8159,867,
143,15,3,大罗,大罗金仙三阶,147309150,2,5000,0,1520,3000,125053，125205，125435,125895，126125,500,163115,31384,156979,31294,31384,0,0,0,0,0,0,0,0,0,0,0,0,0,0,0,0,0,0,0,0,0,0,0,0,0,7530,56001,57001,16832,33663,8416,872,
144,15,4,大罗,大罗金仙四阶,150523450,2,5000,0,1530,3000,125053，125206，125436,125896，126126,500,163115,31789,159004,31699,31789,0,0,0,0,0,0,0,0,0,0,0,0,0,0,0,0,0,0,0,0,0,0,0,0,0,7580,56001,57001,17078,34155,8539,878,
145,15,5,大罗,大罗金仙五阶,156518700,2,5000,0,1540,3000,125053，125207，125437,125897，126127,500,163115,32194,161029,32104,32194,0,0,0,0,0,0,0,0,0,0,0,0,0,0,0,0,0,0,0,0,0,0,0,0,0,7630,56001,57001,17610,35219,8805,884,
146,15,6,大罗,大罗金仙六阶,160132900,2,5000,0,1550,3000,125053，125208，125438,125898，126128,500,163115,32599,163054,32509,32599,0,0,0,0,0,0,0,0,0,0,0,0,0,0,0,0,0,0,0,0,0,0,0,0,0,7680,56001,57001,17865,35729,8933,890,
147,15,7,大罗,大罗金仙七阶,166436850,2,5000,0,1560,3000,125053，125209，125439,125899，126129,500,163115,33004,165079,32914,33004,0,0,0,0,0,0,0,0,0,0,0,0,0,0,0,0,0,0,0,0,0,0,0,0,0,7730,56001,57001,18414,36828,9207,896,
148,15,8,大罗,大罗金仙八阶,170280100,2,5000,0,1570,3000,125053，125210，125440,125900，126130,500,163115,33409,167104,33319,33409,0,0,0,0,0,0,0,0,0,0,0,0,0,0,0,0,0,0,0,0,0,0,0,0,0,7780,56001,57001,18679,37357,9340,901,
149,15,9,大罗,大罗金仙九阶,176971750,2,5000,0,1580,3000,125053，125211，125441,125901，126131,500,163115,33814,169129,33724,33814,0,0,0,0,0,0,0,0,0,0,0,0,0,0,0,0,0,0,0,0,0,0,0,0,0,7830,56001,57001,19246,38492,9623,907,
150,15,10,大罗,大罗金仙十阶,181090900,2,5000,0,1590,3000,125054，125212，125442,125902，126132,500,163116,34219,171154,34129,34219,0,0,0,0,0,0,0,0,0,0,0,0,0,0,0,0,0,0,0,0,0,0,0,0,0,7880,56001,57001,19520,39040,9760,913,
151,16,1,元神,元神一阶,181732400,2,5000,0,1600,3000,125054，125213，125443,125903，126133,500,163116,36919,184654,36829,36919,0,0,0,0,0,0,0,0,0,0,0,0,0,0,0,0,0,0,0,0,0,0,0,0,0,7930,56001,57001,19419,38838,9710,919,
152,16,2,元神,元神二阶,185789600,2,5000,0,1610,3000,125054，125214，125444,125904，126134,500,163116,37369,186904,37279,37369,0,0,0,0,0,0,0,0,0,0,0,0,0,0,0,0,0,0,0,0,0,0,0,0,0,7980,56001,57001,19679,39357,9840,925,
153,16,3,元神,元神三阶,192819450,2,5000,0,1620,3000,125054，125215，125445,125905，126135,500,163116,37819,189154,37729,37819,0,0,0,0,0,0,0,0,0,0,0,0,0,0,0,0,0,0,0,0,0,0,0,0,0,8030,56001,57001,20247,40493,10124,931,
154,16,4,元神,元神四阶,197124150,2,5000,0,1630,3000,125054，125216，125446,125906，126136,500,163116,38269,191404,38179,38269,0,0,0,0,0,0,0,0,0,0,0,0,0,0,0,0,0,0,0,0,0,0,0,0,0,8080,56001,57001,20514,41028,10257,936,
155,16,5,元神,元神五阶,204608450,2,5000,0,1640,3000,125054，125217，125447,125907，126137,500,163116,38719,193654,38629,38719,0,0,0,0,0,0,0,0,0,0,0,0,0,0,0,0,0,0,0,0,0,0,0,0,0,8130,56001,57001,21099,42197,10550,942,
156,16,6,元神,元神六阶,209175850,2,5000,0,1650,3000,125054，125218，125448,125908，126138,500,163116,39169,195904,39079,39169,0,0,0,0,0,0,0,0,0,0,0,0,0,0,0,0,0,0,0,0,0,0,0,0,0,8180,56001,57001,21375,42749,10688,948,
157,16,7,元神,元神七阶,217030900,2,5000,0,1660,3000,125054，125219，125449,125909，126139,500,163116,39619,198154,39529,39619,0,0,0,0,0,0,0,0,0,0,0,0,0,0,0,0,0,0,0,0,0,0,0,0,0,8230,56001,57001,21976,43951,10988,954,
158,16,8,元神,元神八阶,221837050,2,5000,0,1670,3000,125054，125220，125450,125910，126140,500,163116,40069,200404,39979,40069,0,0,0,0,0,0,0,0,0,0,0,0,0,0,0,0,0,0,0,0,0,0,0,0,0,8280,56001,57001,22260,44520,11130,960,
159,16,9,元神,元神九阶,222109500,2,5000,0,1680,3000,125054，125221，125451,125911，126141,500,163116,40519,202654,40429,40519,0,0,0,0,0,0,0,0,0,0,0,0,0,0,0,0,0,0,0,0,0,0,0,0,0,8330,56001,57001,22878,45755,11439,965,
160,16,10,元神,元神十阶,226637700,2,5000,0,1690,3000,125055，125222，125452,125912，126142,500,163117,40969,204904,40879,40969,0,0,0,0,0,0,0,0,0,0,0,0,0,0,0,0,0,0,0,0,0,0,0,0,0,8380,56001,57001,23171,46341,11586,971,
161,17,1,准圣,准圣一阶,230156950,2,5000,0,1700,3000,125055，125223，125453,125913，126143,500,163117,44119,220654,44029,44119,0,0,0,0,0,0,0,0,0,0,0,0,0,0,0,0,0,0,0,0,0,0,0,0,0,8430,56001,57001,21672,43343,10836,977,
162,17,2,准圣,准圣二阶,234595450,2,5000,0,1710,3000,125055，125224，125454,125914，126144,500,163117,44625,223185,44535,44625,0,0,0,0,0,0,0,0,0,0,0,0,0,0,0,0,0,0,0,0,0,0,0,0,0,8480,56001,57001,21904,43808,10952,983,
163,17,3,准圣,准圣三阶,235254550,2,5000,0,1720,3000,125055，125225，125455,125915，126145,500,163117,45131,225716,45041,45131,0,0,0,0,0,0,0,0,0,0,0,0,0,0,0,0,0,0,0,0,0,0,0,0,0,8530,56001,57001,22453,44906,11227,989,
164,17,4,准圣,准圣四阶,239337700,2,5000,0,1730,3000,125055，125226，125456,125916，126146,500,163117,45637,228247,45547,45637,0,0,0,0,0,0,0,0,0,0,0,0,0,0,0,0,0,0,0,0,0,0,0,0,0,8580,56001,57001,22691,45382,11346,994,
165,17,5,准圣,准圣五阶,247650300,2,5000,0,1740,3000,125055，125227，125457,125917，126147,500,163117,46143,230778,46053,46143,0,0,0,0,0,0,0,0,0,0,0,0,0,0,0,0,0,0,0,0,0,0,0,0,0,8630,56001,57001,23252,46503,11626,1000,
166,17,6,准圣,准圣六阶,252740400,2,5000,0,1750,3000,125055，125228，125458,125918，126148,500,163117,46649,233309,46559,46649,0,0,0,0,0,0,0,0,0,0,0,0,0,0,0,0,0,0,0,0,0,0,0,0,0,8680,56001,57001,23494,46987,11747,1006,
167,17,7,准圣,准圣七阶,261467700,2,5000,0,1760,3000,125055，125229，125459,125919，126149,500,163117,47155,235840,47065,47155,0,0,0,0,0,0,0,0,0,0,0,0,0,0,0,0,0,0,0,0,0,0,0,0,0,8730,56001,57001,24066,48131,12033,1012,
168,17,8,准圣,准圣八阶,266797300,2,5000,0,1770,3000,125055，125230，125460,125920，126150,500,163117,47661,238371,47571,47661,0,0,0,0,0,0,0,0,0,0,0,0,0,0,0,0,0,0,0,0,0,0,0,0,0,8780,56001,57001,24313,48625,12157,1018,
169,17,9,准圣,准圣九阶,266803300,2,5000,0,1780,3000,125055，125231，125461,125921，126151,500,163117,48167,240902,48077,48167,0,0,0,0,0,0,0,0,0,0,0,0,0,0,0,0,0,0,0,0,0,0,0,0,0,8830,56001,57001,24895,49790,12448,1024,
170,17,10,准圣,准圣十阶,271803300,2,5000,0,1790,3000,125056，125232，125462,125922，126152,500,163118,48673,243433,48583,48673,0,0,0,0,0,0,0,0,0,0,0,0,0,0,0,0,0,0,0,0,0,0,0,0,0,8880,56001,57001,25146,50292,12573,1029,
171,18,1,圣人,圣人一阶,275957550,2,5000,0,1800,3000,125056，125233，125463,125923，126153,500,163118,52386,261996,52296,52386,0,0,0,0,0,0,0,0,0,0,0,0,0,0,0,0,0,0,0,0,0,0,0,0,0,8930,56001,57001,23588,47176,11794,1035,
172,18,2,圣人,圣人二阶,280627400,2,5000,0,1810,3000,125056，125234，125464,125924，126154,500,163118,52949,264809,52859,52949,0,0,0,0,0,0,0,0,0,0,0,0,0,0,0,0,0,0,0,0,0,0,0,0,0,8980,56001,57001,23783,47566,11892,1041,
173,18,3,圣人,圣人三阶,281581850,2,5000,0,1820,3000,125056，125235，125465,125925，126155,500,163118,53512,267622,53422,53512,0,0,0,0,0,0,0,0,0,0,0,0,0,0,0,0,0,0,0,0,0,0,0,0,0,9030,56001,57001,24297,48593,12149,1047,
174,18,4,圣人,圣人四阶,285840700,2,5000,0,1830,3000,125056，125236，125466,125926，126156,500,163118,54075,270435,53985,54075,0,0,0,0,0,0,0,0,0,0,0,0,0,0,0,0,0,0,0,0,0,0,0,0,0,9080,56001,57001,24493,48986,12247,1053,
175,18,5,圣人,圣人五阶,295022200,2,5000,0,1840,3000,125056，125237，125467,125927，126157,500,163118,54638,273248,54548,54638,0,0,0,0,0,0,0,0,0,0,0,0,0,0,0,0,0,0,0,0,0,0,0,0,0,9130,56001,57001,25013,50025,12507,1058,
176,18,6,圣人,圣人六阶,300550350,2,5000,0,1850,3000,125056，125238，125468,125928，126158,500,163118,55201,276061,55111,55201,0,0,0,0,0,0,0,0,0,0,0,0,0,0,0,0,0,0,0,0,0,0,0,0,0,9180,56001,57001,25210,50420,12605,1064,
177,18,7,圣人,圣人七阶,310199900,2,5000,0,1860,3000,125056，125239，125469,125929，126159,500,163118,55764,278874,55674,55764,0,0,0,0,0,0,0,0,0,0,0,0,0,0,0,0,0,0,0,0,0,0,0,0,0,9230,56001,57001,25736,51471,12868,1070,
178,18,8,圣人,圣人八阶,315902550,2,5000,0,1870,3000,125056，125240，125470,125930，126160,500,163118,56327,281687,56237,56327,0,0,0,0,0,0,0,0,0,0,0,0,0,0,0,0,0,0,0,0,0,0,0,0,0,9280,56001,57001,25934,51867,12967,1076,
179,18,9,圣人,圣人九阶,315963250,2,5000,0,1880,3000,125056，125241，125471,125931，126161,500,163118,56890,284500,56800,56890,0,0,0,0,0,0,0,0,0,0,0,0,0,0,0,0,0,0,0,0,0,0,0,0,0,9330,56001,57001,26465,52929,13233,1082,
180,18,10,圣人,圣人十阶,321327750,2,5000,0,1890,3000,125057，125242，125472,125932，126162,500,163119,57453,287313,57363,57453,0,0,0,0,0,0,0,0,0,0,0,0,0,0,0,0,0,0,0,0,0,0,0,0,0,9380,56001,57001,26662,53324,13331,1087,
181,19,1,大圣,大圣一阶,326003350,2,5000,0,1900,3000,125057，125243，125473,125933，126163,500,163119,61766,308876,61676,61766,0,0,0,0,0,0,0,0,0,0,0,0,0,0,0,0,0,0,0,0,0,0,0,0,0,9430,56001,57001,25075,50149,12538,1093,
182,19,2,大圣,大圣二阶,331026150,2,5000,0,1910,3000,125057，125244，125474,125934，126164,500,163119,62385,311970,62295,62385,0,0,0,0,0,0,0,0,0,0,0,0,0,0,0,0,0,0,0,0,0,0,0,0,0,9480,56001,57001,25222,50443,12611,1099,
183,19,3,大圣,大圣三阶,332161150,2,5000,0,1920,3000,125057，125245，125475,125935，126165,500,163119,63004,315064,62914,63004,0,0,0,0,0,0,0,0,0,0,0,0,0,0,0,0,0,0,0,0,0,0,0,0,0,9530,56001,57001,25683,51366,12842,1105,
184,19,4,大圣,大圣四阶,336762000,2,5000,0,1930,3000,125057，125246，125476,125936，126166,500,163119,63623,318158,63533,63623,0,0,0,0,0,0,0,0,0,0,0,0,0,0,0,0,0,0,0,0,0,0,0,0,0,9580,56001,57001,25828,51655,12914,1111,
185,19,5,大圣,大圣五阶,346768900,2,5000,0,1940,3000,125057，125247，125477,125937，126167,500,163119,64242,321252,64152,64242,0,0,0,0,0,0,0,0,0,0,0,0,0,0,0,0,0,0,0,0,0,0,0,0,0,9630,56001,57001,26290,52580,13145,1117,
186,19,6,大圣,大圣六阶,352777750,2,5000,0,1950,3000,125057，125248，125478,125938，126168,500,163119,64861,324346,64771,64861,0,0,0,0,0,0,0,0,0,0,0,0,0,0,0,0,0,0,0,0,0,0,0,0,0,9680,56001,57001,26432,52864,13216,1122,
187,19,7,大圣,大圣七阶,363260550,2,5000,0,1960,3000,125057，125249，125479,125939，126169,500,163119,65480,327440,65390,65480,0,0,0,0,0,0,0,0,0,0,0,0,0,0,0,0,0,0,0,0,0,0,0,0,0,9730,56001,57001,26895,53789,13448,1128,
188,19,8,大圣,大圣八阶,369391000,2,5000,0,1970,3000,125057，125250，125480,125940，126170,500,163119,66099,330534,66009,66099,0,0,0,0,0,0,0,0,0,0,0,0,0,0,0,0,0,0,0,0,0,0,0,0,0,9780,56001,57001,27033,54066,13517,1134,
189,19,9,大圣,大圣九阶,369608450,2,5000,0,1980,3000,125057，125251，125481,125941，126171,500,163119,66718,333628,66628,66718,0,0,0,0,0,0,0,0,0,0,0,0,0,0,0,0,0,0,0,0,0,0,0,0,0,9830,56001,57001,27496,54991,13748,1140,
190,19,10,大圣,大圣十阶,375288100,2,5000,0,1990,3000,125058，125252，125482,125942，126172,500,163120,67337,336722,67247,67337,0,0,0,0,0,0,0,0,0,0,0,0,0,0,0,0,0,0,0,0,0,0,0,0,0,9880,56001,57001,27630,55259,13815,1146,
191,20,1,仙王,仙王一阶,380480650,2,5000,0,2000,3000,125058，125253，125483,125943，126173,500,163120,72287,361472,72197,72287,0,0,0,0,0,0,0,0,0,0,0,0,0,0,0,0,0,0,0,0,0,0,0,0,0,9930,56001,57001,26038,52076,13019,1151,
192,20,2,仙王,仙王二阶,385814650,2,5000,0,2010,3000,125058，125254，125484,125944，126174,500,163120,72962,364847,72872,72962,0,0,0,0,0,0,0,0,0,0,0,0,0,0,0,0,0,0,0,0,0,0,0,0,0,9980,56001,57001,26127,52253,13064,1157,
193,20,3,仙王,仙王三阶,387127900,2,5000,0,2020,3000,125058，125255，125485,125945，126175,500,163120,73637,368222,73547,73637,0,0,0,0,0,0,0,0,0,0,0,0,0,0,0,0,0,0,0,0,0,0,0,0,0,10030,56001,57001,26520,53040,13260,1163,
194,20,4,仙王,仙王四阶,392086400,2,5000,0,2030,3000,125058，125256，125486,125946，126176,500,163120,74312,371597,74222,74312,0,0,0,0,0,0,0,0,0,0,0,0,0,0,0,0,0,0,0,0,0,0,0,0,0,10080,56001,57001,26603,53205,13302,1169,
195,20,5,仙王,仙王五阶,403028950,2,5000,0,2040,3000,125058，125257，125487,125947，126177,500,163120,74987,374972,74897,74987,0,0,0,0,0,0,0,0,0,0,0,0,0,0,0,0,0,0,0,0,0,0,0,0,0,10130,56001,57001,26992,53983,13496,1175,
196,20,6,仙王,仙王六阶,409464250,2,5000,0,2050,3000,125058，125258，125488,125948，126178,500,163120,75662,378347,75572,75662,0,0,0,0,0,0,0,0,0,0,0,0,0,0,0,0,0,0,0,0,0,0,0,0,0,10180,56001,57001,27068,54135,13534,1181,
197,20,7,仙王,仙王七阶,420836350,2,5000,0,2060,3000,125058，125259，125489,125949，126179,500,163120,76337,381722,76247,76337,0,0,0,0,0,0,0,0,0,0,0,0,0,0,0,0,0,0,0,0,0,0,0,0,0,10230,56001,57001,27451,54902,13726,1186,
198,20,8,仙王,仙王八阶,427675300,2,5000,0,2070,3000,125058，125260，125490,125950，126180,500,163120,77012,385097,76922,77012,0,0,0,0,0,0,0,0,0,0,0,0,0,0,0,0,0,0,0,0,0,0,0,0,0,10280,56001,57001,27520,55039,13760,1192,
199,20,9,仙王,仙王九阶,439495700,2,5000,0,2080,3000,125058，125261，125491,125951，126181,500,163120,77687,388472,77597,77687,0,0,0,0,0,0,0,0,0,0,0,0,0,0,0,0,0,0,0,0,0,0,0,0,0,10330,56001,57001,27897,55794,13949,1198,
200,20,10,仙王,仙王十阶,446574950,2,5000,0,2090,3000,125059，125262，125492,125952，126182,500,163121,78362,391847,78272,78362,0,0,0,0,0,0,0,0,0,0,0,0,0,0,0,0,0,0,0,0,0,0,0,0,0,10380,56001,57001,27958,55915,13979,1204,
201,21,1,天尊,天尊一阶,456764100,2,5000,0,2100,3000,125059，125263，125493,125953，126183,500,163121,83987,419972,83897,83987,0,0,0,0,0,0,0,0,0,0,0,0,0,0,0,0,0,0,0,0,0,0,0,0,0,10430,56001,57001,28202,56404,14101,1210,
202,21,2,天尊,天尊二阶,464090350,2,5000,0,2110,3000,125059，125264，125494,125954，126184,500,163121,84718,423628,84628,84718,0,0,0,0,0,0,0,0,0,0,0,0,0,0,0,0,0,0,0,0,0,0,0,0,0,10480,56001,57001,28252,56503,14126,1215,
203,21,3,天尊,天尊三阶,476765700,2,5000,0,2120,3000,125059，125265，125495,125955，126185,500,163121,85449,427284,85359,85449,0,0,0,0,0,0,0,0,0,0,0,0,0,0,0,0,0,0,0,0,0,0,0,0,0,10530,56001,57001,28610,57219,14305,1221,
204,21,4,天尊,天尊四阶,484477700,2,5000,0,2130,3000,125059，125266，125496,125956，126186,500,163121,86180,430940,86090,86180,0,0,0,0,0,0,0,0,0,0,0,0,0,0,0,0,0,0,0,0,0,0,0,0,0,10580,56001,57001,28649,57298,14325,1227,
205,21,5,天尊,天尊五阶,497649150,2,5000,0,2140,3000,125059，125267，125497,125957，126187,500,163121,86911,434596,86821,86911,0,0,0,0,0,0,0,0,0,0,0,0,0,0,0,0,0,0,0,0,0,0,0,0,0,10630,56001,57001,28998,57995,14499,1233,
206,21,6,天尊,天尊六阶,505561950,2,5000,0,2150,3000,125059，125268，125498,125958，126188,500,163121,87642,438252,87552,87642,0,0,0,0,0,0,0,0,0,0,0,0,0,0,0,0,0,0,0,0,0,0,0,0,0,10680,56001,57001,29026,58052,14513,1239,
207,21,7,天尊,天尊七阶,519245200,2,5000,0,2160,3000,125059，125269，125499,125959，126189,500,163121,88373,441908,88283,88373,0,0,0,0,0,0,0,0,0,0,0,0,0,0,0,0,0,0,0,0,0,0,0,0,0,10730,56001,57001,29364,58728,14682,1244,
208,21,8,天尊,天尊八阶,526287000,2,5000,0,2170,3000,125059，125270，125500,125960，126190,500,163121,89104,445564,89014,89104,0,0,0,0,0,0,0,0,0,0,0,0,0,0,0,0,0,0,0,0,0,0,0,0,0,10780,56001,57001,29381,58762,14691,1250,
209,21,9,天尊,天尊九阶,527641450,2,5000,0,2180,3000,125059，125271，125501,125961，126191,500,163121,89835,449220,89745,89835,0,0,0,0,0,0,0,0,0,0,0,0,0,0,0,0,0,0,0,0,0,0,0,0,0,10830,56001,57001,29707,59414,14854,1256,
210,21,10,天尊,天尊十阶,534240700,2,5000,0,2190,3000,125060，125272，125502,125962，126192,500,163122,90566,452876,90476,90566,0,0,0,0,0,0,0,0,0,0,0,0,0,0,0,0,0,0,0,0,0,0,0,0,0,10880,56001,57001,29711,59422,14856,1262,
211,22,1,天道,天道一阶,541787650,2,5000,0,2200,3000,125060，125273，125503,125963，126193,500,163122,96904,484564,96814,96904,0,0,0,0,0,0,0,0,0,0,0,0,0,0,0,0,0,0,0,0,0,0,0,0,0,10930,56001,57001,27955,55910,13978,1268,
212,22,2,天道,天道二阶,547926400,2,5000,0,2210,3000,125060，125274，125504,125964，126194,500,163122,97692,488502,97602,97692,0,0,0,0,0,0,0,0,0,0,0,0,0,0,0,0,0,0,0,0,0,0,0,0,0,10980,56001,57001,27917,55833,13959,1275,
213,22,3,天道,天道三阶,550475100,2,5000,0,2220,3000,125060，125275，125505,125965，126195,500,163122,98480,492440,98390,98480,0,0,0,0,0,0,0,0,0,0,0,0,0,0,0,0,0,0,0,0,0,0,0,0,0,11030,56001,57001,28165,56329,14083,1658,
214,22,4,天道,天道四阶,556077550,2,5000,0,2230,3000,125060，125276，125506,125966，126196,500,163122,99268,496378,99178,99268,0,0,0,0,0,0,0,0,0,0,0,0,0,0,0,0,0,0,0,0,0,0,0,0,0,11080,56001,57001,28112,56224,14056,1664,
215,22,5,天道,天道五阶,570334550,2,5000,0,2240,3000,125060，125277，125507,125967，126197,500,163122,100056,500316,99966,100056,0,0,0,0,0,0,0,0,0,0,0,0,0,0,0,0,0,0,0,0,0,0,0,0,0,11130,56001,57001,28344,56688,14172,1671,
216,22,6,天道,天道六阶,578876300,2,5000,0,2250,3000,125060，125278，125508,125968，126198,500,163122,100844,504254,100754,100844,0,0,0,0,0,0,0,0,0,0,0,0,0,0,0,0,0,0,0,0,0,0,0,0,0,11180,56001,57001,28276,56552,14138,1678,
217,22,7,天道,天道七阶,593536600,2,5000,0,2260,3000,125060，125279，125509,125969，126199,500,163122,101632,508192,101542,101632,0,0,0,0,0,0,0,0,0,0,0,0,0,0,0,0,0,0,0,0,0,0,0,0,0,11230,56001,57001,28491,56982,14246,1685,
218,22,8,天道,天道八阶,601121950,2,5000,0,2270,3000,125060，125280，125510,125970，126200,500,163122,102420,512130,102330,102420,0,0,0,0,0,0,0,0,0,0,0,0,0,0,0,0,0,0,0,0,0,0,0,0,0,11280,56001,57001,28407,56814,14204,1691,
219,22,9,天道,天道九阶,602484350,2,5000,0,2280,3000,125060，125281，125511,125971，126201,500,163122,103208,516068,103118,103208,0,0,0,0,0,0,0,0,0,0,0,0,0,0,0,0,0,0,0,0,0,0,0,0,0,11330,56001,57001,28603,57206,14302,1698,
220,22,10,天道,天道十阶,609628150,2,5000,0,2290,3000,125061，125282，125512,125972，126202,500,163123,103996,520006,103906,103996,0,0,0,0,0,0,0,0,0,0,0,0,0,0,0,0,0,0,0,0,0,0,0,0,0,11380,56001,57001,28501,57002,14251,1705,
221,23,1,道祖,道祖一阶,617678400,2,5000,0,2300,3000,125061，125283，125513,125973，126203,500,163123,111084,555444,110994,111084,0,0,0,0,0,0,0,0,0,0,0,0,0,0,0,0,0,0,0,0,0,0,0,0,0,11430,56001,57001,26821,53641,13411,1712,
222,23,2,道祖,道祖二阶,624307600,2,5000,0,2310,3000,125061，125284，125514,125974，126204,500,163123,111928,559663,111838,111928,0,0,0,0,0,0,0,0,0,0,0,0,0,0,0,0,0,0,0,0,0,0,0,0,0,11480,56001,57001,26684,53367,13342,1718,
223,23,3,道祖,道祖三阶,626988550,2,5000,0,2320,3000,125061，125285，125515,125975，126205,500,163123,112772,563882,112682,112772,0,0,0,0,0,0,0,0,0,0,0,0,0,0,0,0,0,0,0,0,0,0,0,0,0,11530,56001,57001,26803,53606,13402,1725,
224,23,4,道祖,道祖四阶,633140200,2,5000,0,2330,3000,125061，125286，125516,125976，126206,500,163123,113616,568101,113526,113616,0,0,0,0,0,0,0,0,0,0,0,0,0,0,0,0,0,0,0,0,0,0,0,0,0,11580,56001,57001,26648,53295,13324,1732,
225,23,5,道祖,道祖五阶,648322600,2,5000,0,2340,3000,125061，125287，125517,125977，126207,500,163123,114460,572320,114370,114460,0,0,0,0,0,0,0,0,0,0,0,0,0,0,0,0,0,0,0,0,0,0,0,0,0,11630,56001,57001,26745,53490,13373,1739,
226,23,6,道祖,道祖六阶,657431350,2,5000,0,2350,3000,125061，125288，125518,125978，126208,500,163123,115304,576539,115214,115304,0,0,0,0,0,0,0,0,0,0,0,0,0,0,0,0,0,0,0,0,0,0,0,0,0,11680,56001,57001,26570,53139,13285,1745,
227,23,7,道祖,道祖七阶,673259300,2,5000,0,2360,3000,125061，125289，125519,125979，126209,500,163123,116148,580758,116058,116148,0,0,0,0,0,0,0,0,0,0,0,0,0,0,0,0,0,0,0,0,0,0,0,0,0,11730,56001,57001,26643,53286,13322,1752,
228,23,8,道祖,道祖八阶,682652850,2,5000,0,2370,3000,125061，125290，125520,125980，126210,500,163123,116992,584977,116902,116992,0,0,0,0,0,0,0,0,0,0,0,0,0,0,0,0,0,0,0,0,0,0,0,0,0,11780,56001,57001,26447,52894,13224,1759,
229,23,9,道祖,道祖九阶,698955450,2,5000,0,2380,3000,125061，125291，125521,125981，126211,500,163123,117836,589196,117746,117836,0,0,0,0,0,0,0,0,0,0,0,0,0,0,0,0,0,0,0,0,0,0,0,0,0,11830,56001,57001,26495,52990,13248,1765,
230,23,10,道祖,道祖十阶,708773950,2,5000,0,2390,3000,125062，125292，125522,125982，126212,500,163123,118680,593415,118590,118680,0,0,0,0,0,0,0,0,0,0,0,0,0,0,0,0,0,0,0,0,0,0,0,0,0,11880,56001,57001,26277,52553,13139,1772,